,Match Distance,Filepath Deg
0,1.4965320825576782,/media/alergn/hdd/datasets/audio/speech/ITU-T P_Suppl_23_DB/P_Suppl_23_DB/Disk1/EXP1/CODED_WAV/OE1M4323.wav
1,1.991058588027954,/media/alergn/hdd/datasets/audio/speech/ITU-T P_Suppl_23_DB/P_Suppl_23_DB/Disk1/EXP1/CODED_WAV/OE1M3D17.wav
2,1.590630054473877,/media/alergn/hdd/datasets/audio/speech/ITU-T P_Suppl_23_DB/P_Suppl_23_DB/Disk1/EXP1/CODED_WAV/OE1M4222.wav
3,1.7215008735656738,/media/alergn/hdd/datasets/audio/speech/ITU-T P_Suppl_23_DB/P_Suppl_23_DB/Disk1/EXP1/CODED_WAV/OE1M4121.wav
4,1.5318443775177002,/media/alergn/hdd/datasets/audio/speech/ITU-T P_Suppl_23_DB/P_Suppl_23_DB/Disk1/EXP1/CODED_WAV/OE1M4020.wav
5,2.096920967102051,/media/alergn/hdd/datasets/audio/speech/ITU-T P_Suppl_23_DB/P_Suppl_23_DB/Disk1/EXP1/CODED_WAV/OE1M3F19.wav
6,2.4238877296447754,/media/alergn/hdd/datasets/audio/speech/ITU-T P_Suppl_23_DB/P_Suppl_23_DB/Disk1/EXP1/CODED_WAV/OE1M3E18.wav
7,2.9594430923461914,/media/alergn/hdd/datasets/audio/speech/ITU-T P_Suppl_23_DB/P_Suppl_23_DB/Disk1/EXP1/CODED_WAV/OE1M3C16.wav
8,2.9783527851104736,/media/alergn/hdd/datasets/audio/speech/ITU-T P_Suppl_23_DB/P_Suppl_23_DB/Disk1/EXP1/CODED_WAV/OE1M3307.wav
9,1.8605625629425049,/media/alergn/hdd/datasets/audio/speech/ITU-T P_Suppl_23_DB/P_Suppl_23_DB/Disk1/EXP1/CODED_WAV/OE1M3A14.wav
10,1.9344866275787354,/media/alergn/hdd/datasets/audio/speech/ITU-T P_Suppl_23_DB/P_Suppl_23_DB/Disk1/EXP1/CODED_WAV/OE1M3913.wav
11,2.4761593341827393,/media/alergn/hdd/datasets/audio/speech/ITU-T P_Suppl_23_DB/P_Suppl_23_DB/Disk1/EXP1/CODED_WAV/OE1M3812.wav
12,2.5643115043640137,/media/alergn/hdd/datasets/audio/speech/ITU-T P_Suppl_23_DB/P_Suppl_23_DB/Disk1/EXP1/CODED_WAV/OE1M3711.wav
13,2.0472328662872314,/media/alergn/hdd/datasets/audio/speech/ITU-T P_Suppl_23_DB/P_Suppl_23_DB/Disk1/EXP1/CODED_WAV/OE1M3610.wav
14,2.191262722015381,/media/alergn/hdd/datasets/audio/speech/ITU-T P_Suppl_23_DB/P_Suppl_23_DB/Disk1/EXP1/CODED_WAV/OE1M3509.wav
15,2.0625576972961426,/media/alergn/hdd/datasets/audio/speech/ITU-T P_Suppl_23_DB/P_Suppl_23_DB/Disk1/EXP1/CODED_WAV/OE1M3408.wav
16,2.133070230484009,/media/alergn/hdd/datasets/audio/speech/ITU-T P_Suppl_23_DB/P_Suppl_23_DB/Disk1/EXP1/CODED_WAV/OE1M4424.wav
17,1.6362706422805786,/media/alergn/hdd/datasets/audio/speech/ITU-T P_Suppl_23_DB/P_Suppl_23_DB/Disk1/EXP1/CODED_WAV/OE1M3B15.wav
18,1.6262407302856445,/media/alergn/hdd/datasets/audio/speech/ITU-T P_Suppl_23_DB/P_Suppl_23_DB/Disk1/EXP1/CODED_WAV/OE1M4525.wav
19,3.39825439453125,/media/alergn/hdd/datasets/audio/speech/ITU-T P_Suppl_23_DB/P_Suppl_23_DB/Disk1/EXP1/CODED_WAV/OE1M5844.wav
20,1.5966414213180542,/media/alergn/hdd/datasets/audio/speech/ITU-T P_Suppl_23_DB/P_Suppl_23_DB/Disk1/EXP1/CODED_WAV/OE1M4727.wav
21,2.7126317024230957,/media/alergn/hdd/datasets/audio/speech/ITU-T P_Suppl_23_DB/P_Suppl_23_DB/Disk1/EXP1/CODED_WAV/OE1M3206.wav
22,3.018782615661621,/media/alergn/hdd/datasets/audio/speech/ITU-T P_Suppl_23_DB/P_Suppl_23_DB/Disk1/EXP1/CODED_WAV/OE1M5743.wav
23,2.571699619293213,/media/alergn/hdd/datasets/audio/speech/ITU-T P_Suppl_23_DB/P_Suppl_23_DB/Disk1/EXP1/CODED_WAV/OE1M5642.wav
24,2.481071949005127,/media/alergn/hdd/datasets/audio/speech/ITU-T P_Suppl_23_DB/P_Suppl_23_DB/Disk1/EXP1/CODED_WAV/OE1M5541.wav
25,1.9212006330490112,/media/alergn/hdd/datasets/audio/speech/ITU-T P_Suppl_23_DB/P_Suppl_23_DB/Disk1/EXP1/CODED_WAV/OE1M5440.wav
26,1.6408475637435913,/media/alergn/hdd/datasets/audio/speech/ITU-T P_Suppl_23_DB/P_Suppl_23_DB/Disk1/EXP1/CODED_WAV/OE1M5339.wav
27,1.3782873153686523,/media/alergn/hdd/datasets/audio/speech/ITU-T P_Suppl_23_DB/P_Suppl_23_DB/Disk1/EXP1/CODED_WAV/OE1M5238.wav
28,1.1934527158737183,/media/alergn/hdd/datasets/audio/speech/ITU-T P_Suppl_23_DB/P_Suppl_23_DB/Disk1/EXP1/CODED_WAV/OE1M5137.wav
29,1.5118358135223389,/media/alergn/hdd/datasets/audio/speech/ITU-T P_Suppl_23_DB/P_Suppl_23_DB/Disk1/EXP1/CODED_WAV/OE1M5036.wav
30,1.3749592304229736,/media/alergn/hdd/datasets/audio/speech/ITU-T P_Suppl_23_DB/P_Suppl_23_DB/Disk1/EXP1/CODED_WAV/OE1M4F35.wav
31,1.661271333694458,/media/alergn/hdd/datasets/audio/speech/ITU-T P_Suppl_23_DB/P_Suppl_23_DB/Disk1/EXP1/CODED_WAV/OE1M4E34.wav
32,1.771767497062683,/media/alergn/hdd/datasets/audio/speech/ITU-T P_Suppl_23_DB/P_Suppl_23_DB/Disk1/EXP1/CODED_WAV/OE1M4D33.wav
33,1.6782466173171997,/media/alergn/hdd/datasets/audio/speech/ITU-T P_Suppl_23_DB/P_Suppl_23_DB/Disk1/EXP1/CODED_WAV/OE1M4C32.wav
34,1.8779902458190918,/media/alergn/hdd/datasets/audio/speech/ITU-T P_Suppl_23_DB/P_Suppl_23_DB/Disk1/EXP1/CODED_WAV/OE1M4B31.wav
35,1.7073854207992554,/media/alergn/hdd/datasets/audio/speech/ITU-T P_Suppl_23_DB/P_Suppl_23_DB/Disk1/EXP1/CODED_WAV/OE1M4A30.wav
36,1.8285984992980957,/media/alergn/hdd/datasets/audio/speech/ITU-T P_Suppl_23_DB/P_Suppl_23_DB/Disk1/EXP1/CODED_WAV/OE1M4929.wav
37,1.3563481569290161,/media/alergn/hdd/datasets/audio/speech/ITU-T P_Suppl_23_DB/P_Suppl_23_DB/Disk1/EXP1/CODED_WAV/OE1M4828.wav
38,1.7726976871490479,/media/alergn/hdd/datasets/audio/speech/ITU-T P_Suppl_23_DB/P_Suppl_23_DB/Disk1/EXP1/CODED_WAV/OE1M4626.wav
39,1.8500275611877441,/media/alergn/hdd/datasets/audio/speech/ITU-T P_Suppl_23_DB/P_Suppl_23_DB/Disk1/EXP1/CODED_WAV/OE1M3105.wav
40,3.392479419708252,/media/alergn/hdd/datasets/audio/speech/ITU-T P_Suppl_23_DB/P_Suppl_23_DB/Disk1/EXP1/CODED_WAV/OE1M2A42.wav
41,1.9245188236236572,/media/alergn/hdd/datasets/audio/speech/ITU-T P_Suppl_23_DB/P_Suppl_23_DB/Disk1/EXP1/CODED_WAV/OE1M2F03.wav
42,1.5710595846176147,/media/alergn/hdd/datasets/audio/speech/ITU-T P_Suppl_23_DB/P_Suppl_23_DB/Disk1/EXP1/CODED_WAV/OE1F7C36.wav
43,1.2172164916992188,/media/alergn/hdd/datasets/audio/speech/ITU-T P_Suppl_23_DB/P_Suppl_23_DB/Disk1/EXP1/CODED_WAV/OE1F7D37.wav
44,1.484412431716919,/media/alergn/hdd/datasets/audio/speech/ITU-T P_Suppl_23_DB/P_Suppl_23_DB/Disk1/EXP1/CODED_WAV/OE1F7E38.wav
45,1.8862895965576172,/media/alergn/hdd/datasets/audio/speech/ITU-T P_Suppl_23_DB/P_Suppl_23_DB/Disk1/EXP1/CODED_WAV/OE1F7F39.wav
46,2.887988328933716,/media/alergn/hdd/datasets/audio/speech/ITU-T P_Suppl_23_DB/P_Suppl_23_DB/Disk1/EXP1/CODED_WAV/OE1F8040.wav
47,2.9253315925598145,/media/alergn/hdd/datasets/audio/speech/ITU-T P_Suppl_23_DB/P_Suppl_23_DB/Disk1/EXP1/CODED_WAV/OE1F8141.wav
48,2.4354329109191895,/media/alergn/hdd/datasets/audio/speech/ITU-T P_Suppl_23_DB/P_Suppl_23_DB/Disk1/EXP1/CODED_WAV/OE1M3004.wav
49,3.606945037841797,/media/alergn/hdd/datasets/audio/speech/ITU-T P_Suppl_23_DB/P_Suppl_23_DB/Disk1/EXP1/CODED_WAV/OE1F8343.wav
50,3.995420455932617,/media/alergn/hdd/datasets/audio/speech/ITU-T P_Suppl_23_DB/P_Suppl_23_DB/Disk1/EXP1/CODED_WAV/OE1F8444.wav
51,2.263124942779541,/media/alergn/hdd/datasets/audio/speech/ITU-T P_Suppl_23_DB/P_Suppl_23_DB/Disk1/EXP1/CODED_WAV/OE1F8501.wav
52,1.8649468421936035,/media/alergn/hdd/datasets/audio/speech/ITU-T P_Suppl_23_DB/P_Suppl_23_DB/Disk1/EXP1/CODED_WAV/OE1F8602.wav
53,1.522728443145752,/media/alergn/hdd/datasets/audio/speech/ITU-T P_Suppl_23_DB/P_Suppl_23_DB/Disk1/EXP1/CODED_WAV/OE1F8703.wav
54,2.692293882369995,/media/alergn/hdd/datasets/audio/speech/ITU-T P_Suppl_23_DB/P_Suppl_23_DB/Disk1/EXP1/CODED_WAV/OE1F8804.wav
55,2.323042392730713,/media/alergn/hdd/datasets/audio/speech/ITU-T P_Suppl_23_DB/P_Suppl_23_DB/Disk1/EXP1/CODED_WAV/OE1F8905.wav
56,1.4552001953125,/media/alergn/hdd/datasets/audio/speech/ITU-T P_Suppl_23_DB/P_Suppl_23_DB/Disk1/EXP1/CODED_WAV/OE1F7B35.wav
57,2.468677043914795,/media/alergn/hdd/datasets/audio/speech/ITU-T P_Suppl_23_DB/P_Suppl_23_DB/Disk1/EXP1/CODED_WAV/OE1F8A06.wav
58,1.8135926723480225,/media/alergn/hdd/datasets/audio/speech/ITU-T P_Suppl_23_DB/P_Suppl_23_DB/Disk1/EXP1/CODED_WAV/OE1F8C08.wav
59,2.2182607650756836,/media/alergn/hdd/datasets/audio/speech/ITU-T P_Suppl_23_DB/P_Suppl_23_DB/Disk1/EXP1/CODED_WAV/OE1F8D09.wav
60,1.5362980365753174,/media/alergn/hdd/datasets/audio/speech/ITU-T P_Suppl_23_DB/P_Suppl_23_DB/Disk1/EXP1/CODED_WAV/OE1F8E10.wav
61,2.374541759490967,/media/alergn/hdd/datasets/audio/speech/ITU-T P_Suppl_23_DB/P_Suppl_23_DB/Disk1/EXP1/CODED_WAV/OE1F8F11.wav
62,1.8795149326324463,/media/alergn/hdd/datasets/audio/speech/ITU-T P_Suppl_23_DB/P_Suppl_23_DB/Disk1/EXP1/CODED_WAV/OE1F9012.wav
63,1.928592562675476,/media/alergn/hdd/datasets/audio/speech/ITU-T P_Suppl_23_DB/P_Suppl_23_DB/Disk1/EXP1/CODED_WAV/OE1F9113.wav
64,1.6233482360839844,/media/alergn/hdd/datasets/audio/speech/ITU-T P_Suppl_23_DB/P_Suppl_23_DB/Disk1/EXP1/CODED_WAV/OE1F9214.wav
65,1.4389805793762207,/media/alergn/hdd/datasets/audio/speech/ITU-T P_Suppl_23_DB/P_Suppl_23_DB/Disk1/EXP1/CODED_WAV/OE1F9315.wav
66,1.7238506078720093,/media/alergn/hdd/datasets/audio/speech/ITU-T P_Suppl_23_DB/P_Suppl_23_DB/Disk1/EXP1/CODED_WAV/OE1F9416.wav
67,1.8036377429962158,/media/alergn/hdd/datasets/audio/speech/ITU-T P_Suppl_23_DB/P_Suppl_23_DB/Disk1/EXP1/CODED_WAV/OE1F9517.wav
68,1.8330519199371338,/media/alergn/hdd/datasets/audio/speech/ITU-T P_Suppl_23_DB/P_Suppl_23_DB/Disk1/EXP1/CODED_WAV/OE1F9618.wav
69,1.9317634105682373,/media/alergn/hdd/datasets/audio/speech/ITU-T P_Suppl_23_DB/P_Suppl_23_DB/Disk1/EXP1/CODED_WAV/OE1F9719.wav
70,1.3157799243927002,/media/alergn/hdd/datasets/audio/speech/ITU-T P_Suppl_23_DB/P_Suppl_23_DB/Disk1/EXP1/CODED_WAV/OE1F9820.wav
71,1.4904377460479736,/media/alergn/hdd/datasets/audio/speech/ITU-T P_Suppl_23_DB/P_Suppl_23_DB/Disk1/EXP1/CODED_WAV/OE1F9921.wav
72,2.8645708560943604,/media/alergn/hdd/datasets/audio/speech/ITU-T P_Suppl_23_DB/P_Suppl_23_DB/Disk1/EXP1/CODED_WAV/OE1F8B07.wav
73,1.8647921085357666,/media/alergn/hdd/datasets/audio/speech/ITU-T P_Suppl_23_DB/P_Suppl_23_DB/Disk1/EXP1/CODED_WAV/OE1F7A34.wav
74,1.5165777206420898,/media/alergn/hdd/datasets/audio/speech/ITU-T P_Suppl_23_DB/P_Suppl_23_DB/Disk1/EXP1/CODED_WAV/OE1F7933.wav
75,1.8263520002365112,/media/alergn/hdd/datasets/audio/speech/ITU-T P_Suppl_23_DB/P_Suppl_23_DB/Disk1/EXP1/CODED_WAV/OE1F7832.wav
76,2.409451961517334,/media/alergn/hdd/datasets/audio/speech/ITU-T P_Suppl_23_DB/P_Suppl_23_DB/Disk1/EXP1/CODED_WAV/OE1F5901.wav
77,2.1816277503967285,/media/alergn/hdd/datasets/audio/speech/ITU-T P_Suppl_23_DB/P_Suppl_23_DB/Disk1/EXP1/CODED_WAV/OE1F5A02.wav
78,1.7855892181396484,/media/alergn/hdd/datasets/audio/speech/ITU-T P_Suppl_23_DB/P_Suppl_23_DB/Disk1/EXP1/CODED_WAV/OE1F5B03.wav
79,2.5628745555877686,/media/alergn/hdd/datasets/audio/speech/ITU-T P_Suppl_23_DB/P_Suppl_23_DB/Disk1/EXP1/CODED_WAV/OE1F5C04.wav
80,1.9346859455108643,/media/alergn/hdd/datasets/audio/speech/ITU-T P_Suppl_23_DB/P_Suppl_23_DB/Disk1/EXP1/CODED_WAV/OE1F5D05.wav
81,2.2971675395965576,/media/alergn/hdd/datasets/audio/speech/ITU-T P_Suppl_23_DB/P_Suppl_23_DB/Disk1/EXP1/CODED_WAV/OE1F5E06.wav
82,3.792118787765503,/media/alergn/hdd/datasets/audio/speech/ITU-T P_Suppl_23_DB/P_Suppl_23_DB/Disk1/EXP1/CODED_WAV/OE1F5F07.wav
83,2.355806350708008,/media/alergn/hdd/datasets/audio/speech/ITU-T P_Suppl_23_DB/P_Suppl_23_DB/Disk1/EXP1/CODED_WAV/OE1F6008.wav
84,2.425084352493286,/media/alergn/hdd/datasets/audio/speech/ITU-T P_Suppl_23_DB/P_Suppl_23_DB/Disk1/EXP1/CODED_WAV/OE1F6109.wav
85,1.9976869821548462,/media/alergn/hdd/datasets/audio/speech/ITU-T P_Suppl_23_DB/P_Suppl_23_DB/Disk1/EXP1/CODED_WAV/OE1F6210.wav
86,2.2377076148986816,/media/alergn/hdd/datasets/audio/speech/ITU-T P_Suppl_23_DB/P_Suppl_23_DB/Disk1/EXP1/CODED_WAV/OE1F6311.wav
87,2.268157482147217,/media/alergn/hdd/datasets/audio/speech/ITU-T P_Suppl_23_DB/P_Suppl_23_DB/Disk1/EXP1/CODED_WAV/OE1F6412.wav
88,2.0321993827819824,/media/alergn/hdd/datasets/audio/speech/ITU-T P_Suppl_23_DB/P_Suppl_23_DB/Disk1/EXP1/CODED_WAV/OE1F6513.wav
89,2.200474977493286,/media/alergn/hdd/datasets/audio/speech/ITU-T P_Suppl_23_DB/P_Suppl_23_DB/Disk1/EXP1/CODED_WAV/OE1F6614.wav
90,1.842444658279419,/media/alergn/hdd/datasets/audio/speech/ITU-T P_Suppl_23_DB/P_Suppl_23_DB/Disk1/EXP1/CODED_WAV/OE1F6715.wav
91,2.725900888442993,/media/alergn/hdd/datasets/audio/speech/ITU-T P_Suppl_23_DB/P_Suppl_23_DB/Disk1/EXP1/CODED_WAV/OE1F6816.wav
92,2.2510294914245605,/media/alergn/hdd/datasets/audio/speech/ITU-T P_Suppl_23_DB/P_Suppl_23_DB/Disk1/EXP1/CODED_WAV/OE1F6917.wav
93,2.078504800796509,/media/alergn/hdd/datasets/audio/speech/ITU-T P_Suppl_23_DB/P_Suppl_23_DB/Disk1/EXP1/CODED_WAV/OE1F7731.wav
94,2.0515997409820557,/media/alergn/hdd/datasets/audio/speech/ITU-T P_Suppl_23_DB/P_Suppl_23_DB/Disk1/EXP1/CODED_WAV/OE1F7630.wav
95,1.985013723373413,/media/alergn/hdd/datasets/audio/speech/ITU-T P_Suppl_23_DB/P_Suppl_23_DB/Disk1/EXP1/CODED_WAV/OE1F7529.wav
96,1.6808061599731445,/media/alergn/hdd/datasets/audio/speech/ITU-T P_Suppl_23_DB/P_Suppl_23_DB/Disk1/EXP1/CODED_WAV/OE1F7428.wav
97,1.7158294916152954,/media/alergn/hdd/datasets/audio/speech/ITU-T P_Suppl_23_DB/P_Suppl_23_DB/Disk1/EXP1/CODED_WAV/OE1F7327.wav
98,2.236497402191162,/media/alergn/hdd/datasets/audio/speech/ITU-T P_Suppl_23_DB/P_Suppl_23_DB/Disk1/EXP1/CODED_WAV/OE1F7226.wav
99,1.2598316669464111,/media/alergn/hdd/datasets/audio/speech/ITU-T P_Suppl_23_DB/P_Suppl_23_DB/Disk1/EXP1/CODED_WAV/OE1F9A22.wav
100,1.6010777950286865,/media/alergn/hdd/datasets/audio/speech/ITU-T P_Suppl_23_DB/P_Suppl_23_DB/Disk1/EXP1/CODED_WAV/OE1F7125.wav
101,1.6077102422714233,/media/alergn/hdd/datasets/audio/speech/ITU-T P_Suppl_23_DB/P_Suppl_23_DB/Disk1/EXP1/CODED_WAV/OE1F6F23.wav
102,1.7273716926574707,/media/alergn/hdd/datasets/audio/speech/ITU-T P_Suppl_23_DB/P_Suppl_23_DB/Disk1/EXP1/CODED_WAV/OE1F6E22.wav
103,1.6365582942962646,/media/alergn/hdd/datasets/audio/speech/ITU-T P_Suppl_23_DB/P_Suppl_23_DB/Disk1/EXP1/CODED_WAV/OE1F6D21.wav
104,1.5809049606323242,/media/alergn/hdd/datasets/audio/speech/ITU-T P_Suppl_23_DB/P_Suppl_23_DB/Disk1/EXP1/CODED_WAV/OE1F6C20.wav
105,2.1129610538482666,/media/alergn/hdd/datasets/audio/speech/ITU-T P_Suppl_23_DB/P_Suppl_23_DB/Disk1/EXP1/CODED_WAV/OE1F6B19.wav
106,2.329308271408081,/media/alergn/hdd/datasets/audio/speech/ITU-T P_Suppl_23_DB/P_Suppl_23_DB/Disk1/EXP1/CODED_WAV/OE1F6A18.wav
107,1.7296550273895264,/media/alergn/hdd/datasets/audio/speech/ITU-T P_Suppl_23_DB/P_Suppl_23_DB/Disk1/EXP1/CODED_WAV/OE1F7024.wav
108,1.3907437324523926,/media/alergn/hdd/datasets/audio/speech/ITU-T P_Suppl_23_DB/P_Suppl_23_DB/Disk1/EXP1/CODED_WAV/OE1F9B23.wav
109,3.275080680847168,/media/alergn/hdd/datasets/audio/speech/ITU-T P_Suppl_23_DB/P_Suppl_23_DB/Disk1/EXP1/CODED_WAV/OE1F8242.wav
110,1.5338681936264038,/media/alergn/hdd/datasets/audio/speech/ITU-T P_Suppl_23_DB/P_Suppl_23_DB/Disk1/EXP1/CODED_WAV/OE1F9D25.wav
111,1.9341152906417847,/media/alergn/hdd/datasets/audio/speech/ITU-T P_Suppl_23_DB/P_Suppl_23_DB/Disk1/EXP1/CODED_WAV/OE1M1016.wav
112,2.0585896968841553,/media/alergn/hdd/datasets/audio/speech/ITU-T P_Suppl_23_DB/P_Suppl_23_DB/Disk1/EXP1/CODED_WAV/OE1M1117.wav
113,1.9854965209960938,/media/alergn/hdd/datasets/audio/speech/ITU-T P_Suppl_23_DB/P_Suppl_23_DB/Disk1/EXP1/CODED_WAV/OE1M1218.wav
114,1.7455449104309082,/media/alergn/hdd/datasets/audio/speech/ITU-T P_Suppl_23_DB/P_Suppl_23_DB/Disk1/EXP1/CODED_WAV/OE1M1319.wav
115,1.3570857048034668,/media/alergn/hdd/datasets/audio/speech/ITU-T P_Suppl_23_DB/P_Suppl_23_DB/Disk1/EXP1/CODED_WAV/OE1M1420.wav
116,1.6215848922729492,/media/alergn/hdd/datasets/audio/speech/ITU-T P_Suppl_23_DB/P_Suppl_23_DB/Disk1/EXP1/CODED_WAV/OE1M1521.wav
117,1.488494634628296,/media/alergn/hdd/datasets/audio/speech/ITU-T P_Suppl_23_DB/P_Suppl_23_DB/Disk1/EXP1/CODED_WAV/OE1M1622.wav
118,1.331909418106079,/media/alergn/hdd/datasets/audio/speech/ITU-T P_Suppl_23_DB/P_Suppl_23_DB/Disk1/EXP1/CODED_WAV/OE1M1723.wav
119,1.8766974210739136,/media/alergn/hdd/datasets/audio/speech/ITU-T P_Suppl_23_DB/P_Suppl_23_DB/Disk1/EXP1/CODED_WAV/OE1M1824.wav
120,1.6641478538513184,/media/alergn/hdd/datasets/audio/speech/ITU-T P_Suppl_23_DB/P_Suppl_23_DB/Disk1/EXP1/CODED_WAV/OE1M1925.wav
121,1.7638518810272217,/media/alergn/hdd/datasets/audio/speech/ITU-T P_Suppl_23_DB/P_Suppl_23_DB/Disk1/EXP1/CODED_WAV/OE1M1A26.wav
122,1.617988109588623,/media/alergn/hdd/datasets/audio/speech/ITU-T P_Suppl_23_DB/P_Suppl_23_DB/Disk1/EXP1/CODED_WAV/OE1M1B27.wav
123,1.4557580947875977,/media/alergn/hdd/datasets/audio/speech/ITU-T P_Suppl_23_DB/P_Suppl_23_DB/Disk1/EXP1/CODED_WAV/OE1M1C28.wav
124,2.228555679321289,/media/alergn/hdd/datasets/audio/speech/ITU-T P_Suppl_23_DB/P_Suppl_23_DB/Disk1/EXP1/CODED_WAV/OE1M1D29.wav
125,1.3513256311416626,/media/alergn/hdd/datasets/audio/speech/ITU-T P_Suppl_23_DB/P_Suppl_23_DB/Disk1/EXP1/CODED_WAV/OE1M0F15.wav
126,2.0752201080322266,/media/alergn/hdd/datasets/audio/speech/ITU-T P_Suppl_23_DB/P_Suppl_23_DB/Disk1/EXP1/CODED_WAV/OE1M1E30.wav
127,1.4745584726333618,/media/alergn/hdd/datasets/audio/speech/ITU-T P_Suppl_23_DB/P_Suppl_23_DB/Disk1/EXP1/CODED_WAV/OE1M2032.wav
128,1.5594055652618408,/media/alergn/hdd/datasets/audio/speech/ITU-T P_Suppl_23_DB/P_Suppl_23_DB/Disk1/EXP1/CODED_WAV/OE1M2133.wav
129,1.617223858833313,/media/alergn/hdd/datasets/audio/speech/ITU-T P_Suppl_23_DB/P_Suppl_23_DB/Disk1/EXP1/CODED_WAV/OE1M2234.wav
130,1.3072704076766968,/media/alergn/hdd/datasets/audio/speech/ITU-T P_Suppl_23_DB/P_Suppl_23_DB/Disk1/EXP1/CODED_WAV/OE1M2335.wav
131,1.4262495040893555,/media/alergn/hdd/datasets/audio/speech/ITU-T P_Suppl_23_DB/P_Suppl_23_DB/Disk1/EXP1/CODED_WAV/OE1M2436.wav
132,1.204441785812378,/media/alergn/hdd/datasets/audio/speech/ITU-T P_Suppl_23_DB/P_Suppl_23_DB/Disk1/EXP1/CODED_WAV/OE1M2537.wav
133,1.7718218564987183,/media/alergn/hdd/datasets/audio/speech/ITU-T P_Suppl_23_DB/P_Suppl_23_DB/Disk1/EXP1/CODED_WAV/OE1M2638.wav
134,1.7638386487960815,/media/alergn/hdd/datasets/audio/speech/ITU-T P_Suppl_23_DB/P_Suppl_23_DB/Disk1/EXP1/CODED_WAV/OE1F9C24.wav
135,2.9153189659118652,/media/alergn/hdd/datasets/audio/speech/ITU-T P_Suppl_23_DB/P_Suppl_23_DB/Disk1/EXP1/CODED_WAV/OE1M2840.wav
136,2.8286869525909424,/media/alergn/hdd/datasets/audio/speech/ITU-T P_Suppl_23_DB/P_Suppl_23_DB/Disk1/EXP1/CODED_WAV/OE1M2941.wav
137,3.4198081493377686,/media/alergn/hdd/datasets/audio/speech/ITU-T P_Suppl_23_DB/P_Suppl_23_DB/Disk1/EXP1/CODED_WAV/OE1M2B43.wav
138,3.4379782676696777,/media/alergn/hdd/datasets/audio/speech/ITU-T P_Suppl_23_DB/P_Suppl_23_DB/Disk1/EXP1/CODED_WAV/OE1M2C44.wav
139,2.2187998294830322,/media/alergn/hdd/datasets/audio/speech/ITU-T P_Suppl_23_DB/P_Suppl_23_DB/Disk1/EXP1/CODED_WAV/OE1M2D01.wav
140,2.351776123046875,/media/alergn/hdd/datasets/audio/speech/ITU-T P_Suppl_23_DB/P_Suppl_23_DB/Disk1/EXP1/CODED_WAV/OE1M2E02.wav
141,1.9384928941726685,/media/alergn/hdd/datasets/audio/speech/ITU-T P_Suppl_23_DB/P_Suppl_23_DB/Disk1/EXP1/CODED_WAV/OE1M1F31.wav
142,1.6126646995544434,/media/alergn/hdd/datasets/audio/speech/ITU-T P_Suppl_23_DB/P_Suppl_23_DB/Disk1/EXP1/CODED_WAV/OE1M0E14.wav
143,2.3213069438934326,/media/alergn/hdd/datasets/audio/speech/ITU-T P_Suppl_23_DB/P_Suppl_23_DB/Disk1/EXP1/CODED_WAV/OE1M2739.wav
144,1.8276243209838867,/media/alergn/hdd/datasets/audio/speech/ITU-T P_Suppl_23_DB/P_Suppl_23_DB/Disk1/EXP1/CODED_WAV/OE1M0C12.wav
145,1.6531054973602295,/media/alergn/hdd/datasets/audio/speech/ITU-T P_Suppl_23_DB/P_Suppl_23_DB/Disk1/EXP1/CODED_WAV/OE1M0D13.wav
146,1.7906486988067627,/media/alergn/hdd/datasets/audio/speech/ITU-T P_Suppl_23_DB/P_Suppl_23_DB/Disk1/EXP1/CODED_WAV/OE1F9E26.wav
147,1.6271111965179443,/media/alergn/hdd/datasets/audio/speech/ITU-T P_Suppl_23_DB/P_Suppl_23_DB/Disk1/EXP1/CODED_WAV/OE1F9F27.wav
148,1.4435951709747314,/media/alergn/hdd/datasets/audio/speech/ITU-T P_Suppl_23_DB/P_Suppl_23_DB/Disk1/EXP1/CODED_WAV/OE1FA028.wav
149,2.206770658493042,/media/alergn/hdd/datasets/audio/speech/ITU-T P_Suppl_23_DB/P_Suppl_23_DB/Disk1/EXP1/CODED_WAV/OE1FA230.wav
150,2.0285871028900146,/media/alergn/hdd/datasets/audio/speech/ITU-T P_Suppl_23_DB/P_Suppl_23_DB/Disk1/EXP1/CODED_WAV/OE1FA331.wav
151,1.6189241409301758,/media/alergn/hdd/datasets/audio/speech/ITU-T P_Suppl_23_DB/P_Suppl_23_DB/Disk1/EXP1/CODED_WAV/OE1FA432.wav
152,1.4620459079742432,/media/alergn/hdd/datasets/audio/speech/ITU-T P_Suppl_23_DB/P_Suppl_23_DB/Disk1/EXP1/CODED_WAV/OE1FA533.wav
153,1.4601391553878784,/media/alergn/hdd/datasets/audio/speech/ITU-T P_Suppl_23_DB/P_Suppl_23_DB/Disk1/EXP1/CODED_WAV/OE1FA634.wav
154,1.2228349447250366,/media/alergn/hdd/datasets/audio/speech/ITU-T P_Suppl_23_DB/P_Suppl_23_DB/Disk1/EXP1/CODED_WAV/OE1FA735.wav
155,1.4156720638275146,/media/alergn/hdd/datasets/audio/speech/ITU-T P_Suppl_23_DB/P_Suppl_23_DB/Disk1/EXP1/CODED_WAV/OE1FA836.wav
156,1.1660244464874268,/media/alergn/hdd/datasets/audio/speech/ITU-T P_Suppl_23_DB/P_Suppl_23_DB/Disk1/EXP1/CODED_WAV/OE1FA937.wav
157,1.457486629486084,/media/alergn/hdd/datasets/audio/speech/ITU-T P_Suppl_23_DB/P_Suppl_23_DB/Disk1/EXP1/CODED_WAV/OE1FAA38.wav
158,1.7251622676849365,/media/alergn/hdd/datasets/audio/speech/ITU-T P_Suppl_23_DB/P_Suppl_23_DB/Disk1/EXP1/CODED_WAV/OE1FAB39.wav
159,2.303598165512085,/media/alergn/hdd/datasets/audio/speech/ITU-T P_Suppl_23_DB/P_Suppl_23_DB/Disk1/EXP1/CODED_WAV/OE1FAC40.wav
160,1.9488427639007568,/media/alergn/hdd/datasets/audio/speech/ITU-T P_Suppl_23_DB/P_Suppl_23_DB/Disk1/EXP1/CODED_WAV/OE1FA129.wav
161,3.097182035446167,/media/alergn/hdd/datasets/audio/speech/ITU-T P_Suppl_23_DB/P_Suppl_23_DB/Disk1/EXP1/CODED_WAV/OE1FAE42.wav
162,2.922065019607544,/media/alergn/hdd/datasets/audio/speech/ITU-T P_Suppl_23_DB/P_Suppl_23_DB/Disk1/EXP1/CODED_WAV/OE1FAD41.wav
163,1.6823921203613281,/media/alergn/hdd/datasets/audio/speech/ITU-T P_Suppl_23_DB/P_Suppl_23_DB/Disk1/EXP1/CODED_WAV/OE1M0A10.wav
164,2.1536660194396973,/media/alergn/hdd/datasets/audio/speech/ITU-T P_Suppl_23_DB/P_Suppl_23_DB/Disk1/EXP1/CODED_WAV/OE1M0909.wav
165,2.103177785873413,/media/alergn/hdd/datasets/audio/speech/ITU-T P_Suppl_23_DB/P_Suppl_23_DB/Disk1/EXP1/CODED_WAV/OE1M0B11.wav
166,2.914207935333252,/media/alergn/hdd/datasets/audio/speech/ITU-T P_Suppl_23_DB/P_Suppl_23_DB/Disk1/EXP1/CODED_WAV/OE1M0707.wav
167,2.5903310775756836,/media/alergn/hdd/datasets/audio/speech/ITU-T P_Suppl_23_DB/P_Suppl_23_DB/Disk1/EXP1/CODED_WAV/OE1M0606.wav
168,2.373976469039917,/media/alergn/hdd/datasets/audio/speech/ITU-T P_Suppl_23_DB/P_Suppl_23_DB/Disk1/EXP1/CODED_WAV/OE1M0808.wav
169,2.2240006923675537,/media/alergn/hdd/datasets/audio/speech/ITU-T P_Suppl_23_DB/P_Suppl_23_DB/Disk1/EXP1/CODED_WAV/OE1M0404.wav
170,1.4370229244232178,/media/alergn/hdd/datasets/audio/speech/ITU-T P_Suppl_23_DB/P_Suppl_23_DB/Disk1/EXP1/CODED_WAV/OE1M0303.wav
171,1.8303569555282593,/media/alergn/hdd/datasets/audio/speech/ITU-T P_Suppl_23_DB/P_Suppl_23_DB/Disk1/EXP1/CODED_WAV/OE1M0202.wav
172,2.606067419052124,/media/alergn/hdd/datasets/audio/speech/ITU-T P_Suppl_23_DB/P_Suppl_23_DB/Disk1/EXP1/CODED_WAV/OE1M0101.wav
173,3.1888368129730225,/media/alergn/hdd/datasets/audio/speech/ITU-T P_Suppl_23_DB/P_Suppl_23_DB/Disk1/EXP1/CODED_WAV/OE1FB044.wav
174,2.3645527362823486,/media/alergn/hdd/datasets/audio/speech/ITU-T P_Suppl_23_DB/P_Suppl_23_DB/Disk1/EXP1/CODED_WAV/OE1M0505.wav
175,3.2612922191619873,/media/alergn/hdd/datasets/audio/speech/ITU-T P_Suppl_23_DB/P_Suppl_23_DB/Disk1/EXP1/CODED_WAV/OE1FAF43.wav
0,1.4577865600585938,/media/alergn/hdd/datasets/audio/speech/ITU-T P_Suppl_23_DB/P_Suppl_23_DB/Disk3/EXP3/CODED_WAV/OE3M4014.wav
1,1.6000760793685913,/media/alergn/hdd/datasets/audio/speech/ITU-T P_Suppl_23_DB/P_Suppl_23_DB/Disk3/EXP3/CODED_WAV/OE3M4115.wav
2,1.6340676546096802,/media/alergn/hdd/datasets/audio/speech/ITU-T P_Suppl_23_DB/P_Suppl_23_DB/Disk3/EXP3/CODED_WAV/OE3M4216.wav
3,1.667212724685669,/media/alergn/hdd/datasets/audio/speech/ITU-T P_Suppl_23_DB/P_Suppl_23_DB/Disk3/EXP3/CODED_WAV/OE3M4317.wav
4,1.5817217826843262,/media/alergn/hdd/datasets/audio/speech/ITU-T P_Suppl_23_DB/P_Suppl_23_DB/Disk3/EXP3/CODED_WAV/OE3M4620.wav
5,1.6535391807556152,/media/alergn/hdd/datasets/audio/speech/ITU-T P_Suppl_23_DB/P_Suppl_23_DB/Disk3/EXP3/CODED_WAV/OE3M4519.wav
6,2.1438376903533936,/media/alergn/hdd/datasets/audio/speech/ITU-T P_Suppl_23_DB/P_Suppl_23_DB/Disk3/EXP3/CODED_WAV/OE3M4721.wav
7,1.779707431793213,/media/alergn/hdd/datasets/audio/speech/ITU-T P_Suppl_23_DB/P_Suppl_23_DB/Disk3/EXP3/CODED_WAV/OE3M4822.wav
8,1.9183658361434937,/media/alergn/hdd/datasets/audio/speech/ITU-T P_Suppl_23_DB/P_Suppl_23_DB/Disk3/EXP3/CODED_WAV/OE3M4923.wav
9,1.8346012830734253,/media/alergn/hdd/datasets/audio/speech/ITU-T P_Suppl_23_DB/P_Suppl_23_DB/Disk3/EXP3/CODED_WAV/OE3M4418.wav
10,1.4197487831115723,/media/alergn/hdd/datasets/audio/speech/ITU-T P_Suppl_23_DB/P_Suppl_23_DB/Disk3/EXP3/CODED_WAV/OE3M3F13.wav
11,1.6006160974502563,/media/alergn/hdd/datasets/audio/speech/ITU-T P_Suppl_23_DB/P_Suppl_23_DB/Disk3/EXP3/CODED_WAV/OE3M3806.wav
12,1.519153356552124,/media/alergn/hdd/datasets/audio/speech/ITU-T P_Suppl_23_DB/P_Suppl_23_DB/Disk3/EXP3/CODED_WAV/OE3M3D11.wav
13,1.4725842475891113,/media/alergn/hdd/datasets/audio/speech/ITU-T P_Suppl_23_DB/P_Suppl_23_DB/Disk3/EXP3/CODED_WAV/OE3M3C10.wav
14,1.3710041046142578,/media/alergn/hdd/datasets/audio/speech/ITU-T P_Suppl_23_DB/P_Suppl_23_DB/Disk3/EXP3/CODED_WAV/OE3M3B09.wav
15,1.851058840751648,/media/alergn/hdd/datasets/audio/speech/ITU-T P_Suppl_23_DB/P_Suppl_23_DB/Disk3/EXP3/CODED_WAV/OE3M3A08.wav
16,1.6633638143539429,/media/alergn/hdd/datasets/audio/speech/ITU-T P_Suppl_23_DB/P_Suppl_23_DB/Disk3/EXP3/CODED_WAV/OE3M3907.wav
17,1.8527419567108154,/media/alergn/hdd/datasets/audio/speech/ITU-T P_Suppl_23_DB/P_Suppl_23_DB/Disk3/EXP3/CODED_WAV/OE3M3705.wav
18,2.0739336013793945,/media/alergn/hdd/datasets/audio/speech/ITU-T P_Suppl_23_DB/P_Suppl_23_DB/Disk3/EXP3/CODED_WAV/OE3M3604.wav
19,2.0856757164001465,/media/alergn/hdd/datasets/audio/speech/ITU-T P_Suppl_23_DB/P_Suppl_23_DB/Disk3/EXP3/CODED_WAV/OE3M3503.wav
20,1.8837041854858398,/media/alergn/hdd/datasets/audio/speech/ITU-T P_Suppl_23_DB/P_Suppl_23_DB/Disk3/EXP3/CODED_WAV/OE3M3402.wav
21,1.462820053100586,/media/alergn/hdd/datasets/audio/speech/ITU-T P_Suppl_23_DB/P_Suppl_23_DB/Disk3/EXP3/CODED_WAV/OE3M4A24.wav
22,2.2045962810516357,/media/alergn/hdd/datasets/audio/speech/ITU-T P_Suppl_23_DB/P_Suppl_23_DB/Disk3/EXP3/CODED_WAV/OE3M3301.wav
23,1.7534586191177368,/media/alergn/hdd/datasets/audio/speech/ITU-T P_Suppl_23_DB/P_Suppl_23_DB/Disk3/EXP3/CODED_WAV/OE3M3E12.wav
24,1.3784899711608887,/media/alergn/hdd/datasets/audio/speech/ITU-T P_Suppl_23_DB/P_Suppl_23_DB/Disk3/EXP3/CODED_WAV/OE3M4B25.wav
25,1.6269927024841309,/media/alergn/hdd/datasets/audio/speech/ITU-T P_Suppl_23_DB/P_Suppl_23_DB/Disk3/EXP3/CODED_WAV/OE3M5B41.wav
26,1.8141555786132812,/media/alergn/hdd/datasets/audio/speech/ITU-T P_Suppl_23_DB/P_Suppl_23_DB/Disk3/EXP3/CODED_WAV/OE3M4D27.wav
27,1.7755486965179443,/media/alergn/hdd/datasets/audio/speech/ITU-T P_Suppl_23_DB/P_Suppl_23_DB/Disk3/EXP3/CODED_WAV/OE3M3250.wav
28,1.6495771408081055,/media/alergn/hdd/datasets/audio/speech/ITU-T P_Suppl_23_DB/P_Suppl_23_DB/Disk3/EXP3/CODED_WAV/OE3M6450.wav
29,1.4516440629959106,/media/alergn/hdd/datasets/audio/speech/ITU-T P_Suppl_23_DB/P_Suppl_23_DB/Disk3/EXP3/CODED_WAV/OE3M6349.wav
30,1.6265814304351807,/media/alergn/hdd/datasets/audio/speech/ITU-T P_Suppl_23_DB/P_Suppl_23_DB/Disk3/EXP3/CODED_WAV/OE3M6248.wav
31,3.1518778800964355,/media/alergn/hdd/datasets/audio/speech/ITU-T P_Suppl_23_DB/P_Suppl_23_DB/Disk3/EXP3/CODED_WAV/OE3M6147.wav
32,3.3247625827789307,/media/alergn/hdd/datasets/audio/speech/ITU-T P_Suppl_23_DB/P_Suppl_23_DB/Disk3/EXP3/CODED_WAV/OE3M6046.wav
33,3.0040719509124756,/media/alergn/hdd/datasets/audio/speech/ITU-T P_Suppl_23_DB/P_Suppl_23_DB/Disk3/EXP3/CODED_WAV/OE3M5F45.wav
34,2.3448328971862793,/media/alergn/hdd/datasets/audio/speech/ITU-T P_Suppl_23_DB/P_Suppl_23_DB/Disk3/EXP3/CODED_WAV/OE3M5E44.wav
35,2.369051456451416,/media/alergn/hdd/datasets/audio/speech/ITU-T P_Suppl_23_DB/P_Suppl_23_DB/Disk3/EXP3/CODED_WAV/OE3M5D43.wav
36,1.811072826385498,/media/alergn/hdd/datasets/audio/speech/ITU-T P_Suppl_23_DB/P_Suppl_23_DB/Disk3/EXP3/CODED_WAV/OE3M5C42.wav
37,1.556624174118042,/media/alergn/hdd/datasets/audio/speech/ITU-T P_Suppl_23_DB/P_Suppl_23_DB/Disk3/EXP3/CODED_WAV/OE3M5A40.wav
38,1.6107628345489502,/media/alergn/hdd/datasets/audio/speech/ITU-T P_Suppl_23_DB/P_Suppl_23_DB/Disk3/EXP3/CODED_WAV/OE3M5939.wav
39,1.3930599689483643,/media/alergn/hdd/datasets/audio/speech/ITU-T P_Suppl_23_DB/P_Suppl_23_DB/Disk3/EXP3/CODED_WAV/OE3M5838.wav
40,2.670348644256592,/media/alergn/hdd/datasets/audio/speech/ITU-T P_Suppl_23_DB/P_Suppl_23_DB/Disk3/EXP3/CODED_WAV/OE3M5737.wav
41,1.5007781982421875,/media/alergn/hdd/datasets/audio/speech/ITU-T P_Suppl_23_DB/P_Suppl_23_DB/Disk3/EXP3/CODED_WAV/OE3M5636.wav
42,1.626146912574768,/media/alergn/hdd/datasets/audio/speech/ITU-T P_Suppl_23_DB/P_Suppl_23_DB/Disk3/EXP3/CODED_WAV/OE3M5535.wav
43,1.988118052482605,/media/alergn/hdd/datasets/audio/speech/ITU-T P_Suppl_23_DB/P_Suppl_23_DB/Disk3/EXP3/CODED_WAV/OE3M5434.wav
44,1.732999563217163,/media/alergn/hdd/datasets/audio/speech/ITU-T P_Suppl_23_DB/P_Suppl_23_DB/Disk3/EXP3/CODED_WAV/OE3M5333.wav
45,1.456905722618103,/media/alergn/hdd/datasets/audio/speech/ITU-T P_Suppl_23_DB/P_Suppl_23_DB/Disk3/EXP3/CODED_WAV/OE3M5232.wav
46,1.7836472988128662,/media/alergn/hdd/datasets/audio/speech/ITU-T P_Suppl_23_DB/P_Suppl_23_DB/Disk3/EXP3/CODED_WAV/OE3M5131.wav
47,1.731567144393921,/media/alergn/hdd/datasets/audio/speech/ITU-T P_Suppl_23_DB/P_Suppl_23_DB/Disk3/EXP3/CODED_WAV/OE3M5030.wav
48,1.9192023277282715,/media/alergn/hdd/datasets/audio/speech/ITU-T P_Suppl_23_DB/P_Suppl_23_DB/Disk3/EXP3/CODED_WAV/OE3M4F29.wav
49,1.3802251815795898,/media/alergn/hdd/datasets/audio/speech/ITU-T P_Suppl_23_DB/P_Suppl_23_DB/Disk3/EXP3/CODED_WAV/OE3M4E28.wav
50,1.5187114477157593,/media/alergn/hdd/datasets/audio/speech/ITU-T P_Suppl_23_DB/P_Suppl_23_DB/Disk3/EXP3/CODED_WAV/OE3M4C26.wav
51,1.6896817684173584,/media/alergn/hdd/datasets/audio/speech/ITU-T P_Suppl_23_DB/P_Suppl_23_DB/Disk3/EXP3/CODED_WAV/OE3M3149.wav
52,1.4811023473739624,/media/alergn/hdd/datasets/audio/speech/ITU-T P_Suppl_23_DB/P_Suppl_23_DB/Disk3/EXP3/CODED_WAV/OE3FB834.wav
53,3.6027212142944336,/media/alergn/hdd/datasets/audio/speech/ITU-T P_Suppl_23_DB/P_Suppl_23_DB/Disk3/EXP3/CODED_WAV/OE3M2F47.wav
54,1.8263094425201416,/media/alergn/hdd/datasets/audio/speech/ITU-T P_Suppl_23_DB/P_Suppl_23_DB/Disk3/EXP3/CODED_WAV/OE3F9802.wav
55,1.8312914371490479,/media/alergn/hdd/datasets/audio/speech/ITU-T P_Suppl_23_DB/P_Suppl_23_DB/Disk3/EXP3/CODED_WAV/OE3F9701.wav
56,1.9649341106414795,/media/alergn/hdd/datasets/audio/speech/ITU-T P_Suppl_23_DB/P_Suppl_23_DB/Disk3/EXP3/CODED_WAV/OE3F9650.wav
57,1.5477373600006104,/media/alergn/hdd/datasets/audio/speech/ITU-T P_Suppl_23_DB/P_Suppl_23_DB/Disk3/EXP3/CODED_WAV/OE3F9549.wav
58,2.031919479370117,/media/alergn/hdd/datasets/audio/speech/ITU-T P_Suppl_23_DB/P_Suppl_23_DB/Disk3/EXP3/CODED_WAV/OE3F9448.wav
59,3.961106538772583,/media/alergn/hdd/datasets/audio/speech/ITU-T P_Suppl_23_DB/P_Suppl_23_DB/Disk3/EXP3/CODED_WAV/OE3F9347.wav
60,1.6111507415771484,/media/alergn/hdd/datasets/audio/speech/ITU-T P_Suppl_23_DB/P_Suppl_23_DB/Disk3/EXP3/CODED_WAV/OE3F9903.wav
61,3.7389919757843018,/media/alergn/hdd/datasets/audio/speech/ITU-T P_Suppl_23_DB/P_Suppl_23_DB/Disk3/EXP3/CODED_WAV/OE3F9246.wav
62,2.8825950622558594,/media/alergn/hdd/datasets/audio/speech/ITU-T P_Suppl_23_DB/P_Suppl_23_DB/Disk3/EXP3/CODED_WAV/OE3F9044.wav
63,2.5110838413238525,/media/alergn/hdd/datasets/audio/speech/ITU-T P_Suppl_23_DB/P_Suppl_23_DB/Disk3/EXP3/CODED_WAV/OE3F8F43.wav
64,2.2811293601989746,/media/alergn/hdd/datasets/audio/speech/ITU-T P_Suppl_23_DB/P_Suppl_23_DB/Disk3/EXP3/CODED_WAV/OE3F8E42.wav
65,1.5086854696273804,/media/alergn/hdd/datasets/audio/speech/ITU-T P_Suppl_23_DB/P_Suppl_23_DB/Disk3/EXP3/CODED_WAV/OE3F8D41.wav
66,1.8229234218597412,/media/alergn/hdd/datasets/audio/speech/ITU-T P_Suppl_23_DB/P_Suppl_23_DB/Disk3/EXP3/CODED_WAV/OE3F8C40.wav
67,1.6408169269561768,/media/alergn/hdd/datasets/audio/speech/ITU-T P_Suppl_23_DB/P_Suppl_23_DB/Disk3/EXP3/CODED_WAV/OE3F8B39.wav
68,3.680236577987671,/media/alergn/hdd/datasets/audio/speech/ITU-T P_Suppl_23_DB/P_Suppl_23_DB/Disk3/EXP3/CODED_WAV/OE3F9145.wav
69,1.973751187324524,/media/alergn/hdd/datasets/audio/speech/ITU-T P_Suppl_23_DB/P_Suppl_23_DB/Disk3/EXP3/CODED_WAV/OE3F9A04.wav
70,1.9938809871673584,/media/alergn/hdd/datasets/audio/speech/ITU-T P_Suppl_23_DB/P_Suppl_23_DB/Disk3/EXP3/CODED_WAV/OE3F9B05.wav
71,1.8039178848266602,/media/alergn/hdd/datasets/audio/speech/ITU-T P_Suppl_23_DB/P_Suppl_23_DB/Disk3/EXP3/CODED_WAV/OE3F9C06.wav
72,1.6563522815704346,/media/alergn/hdd/datasets/audio/speech/ITU-T P_Suppl_23_DB/P_Suppl_23_DB/Disk3/EXP3/CODED_WAV/OE3FAB21.wav
73,1.5652726888656616,/media/alergn/hdd/datasets/audio/speech/ITU-T P_Suppl_23_DB/P_Suppl_23_DB/Disk3/EXP3/CODED_WAV/OE3FAA20.wav
74,1.5793914794921875,/media/alergn/hdd/datasets/audio/speech/ITU-T P_Suppl_23_DB/P_Suppl_23_DB/Disk3/EXP3/CODED_WAV/OE3FA919.wav
75,1.6189019680023193,/media/alergn/hdd/datasets/audio/speech/ITU-T P_Suppl_23_DB/P_Suppl_23_DB/Disk3/EXP3/CODED_WAV/OE3FA818.wav
76,1.459898591041565,/media/alergn/hdd/datasets/audio/speech/ITU-T P_Suppl_23_DB/P_Suppl_23_DB/Disk3/EXP3/CODED_WAV/OE3FA717.wav
77,1.7044270038604736,/media/alergn/hdd/datasets/audio/speech/ITU-T P_Suppl_23_DB/P_Suppl_23_DB/Disk3/EXP3/CODED_WAV/OE3FA616.wav
78,1.32136869430542,/media/alergn/hdd/datasets/audio/speech/ITU-T P_Suppl_23_DB/P_Suppl_23_DB/Disk3/EXP3/CODED_WAV/OE3FA515.wav
79,1.5596544742584229,/media/alergn/hdd/datasets/audio/speech/ITU-T P_Suppl_23_DB/P_Suppl_23_DB/Disk3/EXP3/CODED_WAV/OE3FA414.wav
80,1.5053093433380127,/media/alergn/hdd/datasets/audio/speech/ITU-T P_Suppl_23_DB/P_Suppl_23_DB/Disk3/EXP3/CODED_WAV/OE3FA313.wav
81,1.3577696084976196,/media/alergn/hdd/datasets/audio/speech/ITU-T P_Suppl_23_DB/P_Suppl_23_DB/Disk3/EXP3/CODED_WAV/OE3FA212.wav
82,1.6467996835708618,/media/alergn/hdd/datasets/audio/speech/ITU-T P_Suppl_23_DB/P_Suppl_23_DB/Disk3/EXP3/CODED_WAV/OE3FA111.wav
83,1.4944026470184326,/media/alergn/hdd/datasets/audio/speech/ITU-T P_Suppl_23_DB/P_Suppl_23_DB/Disk3/EXP3/CODED_WAV/OE3FA010.wav
84,1.6974003314971924,/media/alergn/hdd/datasets/audio/speech/ITU-T P_Suppl_23_DB/P_Suppl_23_DB/Disk3/EXP3/CODED_WAV/OE3F9F09.wav
85,1.4915900230407715,/media/alergn/hdd/datasets/audio/speech/ITU-T P_Suppl_23_DB/P_Suppl_23_DB/Disk3/EXP3/CODED_WAV/OE3F9E08.wav
86,1.5623427629470825,/media/alergn/hdd/datasets/audio/speech/ITU-T P_Suppl_23_DB/P_Suppl_23_DB/Disk3/EXP3/CODED_WAV/OE3F9D07.wav
87,1.8164438009262085,/media/alergn/hdd/datasets/audio/speech/ITU-T P_Suppl_23_DB/P_Suppl_23_DB/Disk3/EXP3/CODED_WAV/OE3F8A38.wav
88,2.8026115894317627,/media/alergn/hdd/datasets/audio/speech/ITU-T P_Suppl_23_DB/P_Suppl_23_DB/Disk3/EXP3/CODED_WAV/OE3F8937.wav
89,1.537071704864502,/media/alergn/hdd/datasets/audio/speech/ITU-T P_Suppl_23_DB/P_Suppl_23_DB/Disk3/EXP3/CODED_WAV/OE3F8836.wav
90,1.5378656387329102,/media/alergn/hdd/datasets/audio/speech/ITU-T P_Suppl_23_DB/P_Suppl_23_DB/Disk3/EXP3/CODED_WAV/OE3F8735.wav
91,1.5398221015930176,/media/alergn/hdd/datasets/audio/speech/ITU-T P_Suppl_23_DB/P_Suppl_23_DB/Disk3/EXP3/CODED_WAV/OE3F7315.wav
92,1.7727323770523071,/media/alergn/hdd/datasets/audio/speech/ITU-T P_Suppl_23_DB/P_Suppl_23_DB/Disk3/EXP3/CODED_WAV/OE3F7214.wav
93,1.5567708015441895,/media/alergn/hdd/datasets/audio/speech/ITU-T P_Suppl_23_DB/P_Suppl_23_DB/Disk3/EXP3/CODED_WAV/OE3F7113.wav
94,1.652038812637329,/media/alergn/hdd/datasets/audio/speech/ITU-T P_Suppl_23_DB/P_Suppl_23_DB/Disk3/EXP3/CODED_WAV/OE3F7012.wav
95,1.7655426263809204,/media/alergn/hdd/datasets/audio/speech/ITU-T P_Suppl_23_DB/P_Suppl_23_DB/Disk3/EXP3/CODED_WAV/OE3F6F11.wav
96,1.5390825271606445,/media/alergn/hdd/datasets/audio/speech/ITU-T P_Suppl_23_DB/P_Suppl_23_DB/Disk3/EXP3/CODED_WAV/OE3F6E10.wav
97,1.6052122116088867,/media/alergn/hdd/datasets/audio/speech/ITU-T P_Suppl_23_DB/P_Suppl_23_DB/Disk3/EXP3/CODED_WAV/OE3F6D09.wav
98,1.7817540168762207,/media/alergn/hdd/datasets/audio/speech/ITU-T P_Suppl_23_DB/P_Suppl_23_DB/Disk3/EXP3/CODED_WAV/OE3F6C08.wav
99,1.654616117477417,/media/alergn/hdd/datasets/audio/speech/ITU-T P_Suppl_23_DB/P_Suppl_23_DB/Disk3/EXP3/CODED_WAV/OE3F6B07.wav
100,1.9565366506576538,/media/alergn/hdd/datasets/audio/speech/ITU-T P_Suppl_23_DB/P_Suppl_23_DB/Disk3/EXP3/CODED_WAV/OE3F6A06.wav
101,1.8581531047821045,/media/alergn/hdd/datasets/audio/speech/ITU-T P_Suppl_23_DB/P_Suppl_23_DB/Disk3/EXP3/CODED_WAV/OE3F6905.wav
102,2.004763603210449,/media/alergn/hdd/datasets/audio/speech/ITU-T P_Suppl_23_DB/P_Suppl_23_DB/Disk3/EXP3/CODED_WAV/OE3F6804.wav
103,2.263099431991577,/media/alergn/hdd/datasets/audio/speech/ITU-T P_Suppl_23_DB/P_Suppl_23_DB/Disk3/EXP3/CODED_WAV/OE3F6703.wav
104,2.313863754272461,/media/alergn/hdd/datasets/audio/speech/ITU-T P_Suppl_23_DB/P_Suppl_23_DB/Disk3/EXP3/CODED_WAV/OE3F6602.wav
105,2.8276755809783936,/media/alergn/hdd/datasets/audio/speech/ITU-T P_Suppl_23_DB/P_Suppl_23_DB/Disk3/EXP3/CODED_WAV/OE3F6501.wav
106,1.9094173908233643,/media/alergn/hdd/datasets/audio/speech/ITU-T P_Suppl_23_DB/P_Suppl_23_DB/Disk3/EXP3/CODED_WAV/OE3F7416.wav
107,1.646894931793213,/media/alergn/hdd/datasets/audio/speech/ITU-T P_Suppl_23_DB/P_Suppl_23_DB/Disk3/EXP3/CODED_WAV/OE3FAC22.wav
108,1.712172269821167,/media/alergn/hdd/datasets/audio/speech/ITU-T P_Suppl_23_DB/P_Suppl_23_DB/Disk3/EXP3/CODED_WAV/OE3F7517.wav
109,1.7421681880950928,/media/alergn/hdd/datasets/audio/speech/ITU-T P_Suppl_23_DB/P_Suppl_23_DB/Disk3/EXP3/CODED_WAV/OE3F7719.wav
110,1.9096026420593262,/media/alergn/hdd/datasets/audio/speech/ITU-T P_Suppl_23_DB/P_Suppl_23_DB/Disk3/EXP3/CODED_WAV/OE3F8634.wav
111,2.286527633666992,/media/alergn/hdd/datasets/audio/speech/ITU-T P_Suppl_23_DB/P_Suppl_23_DB/Disk3/EXP3/CODED_WAV/OE3F8533.wav
112,1.3423506021499634,/media/alergn/hdd/datasets/audio/speech/ITU-T P_Suppl_23_DB/P_Suppl_23_DB/Disk3/EXP3/CODED_WAV/OE3F8432.wav
113,1.5199629068374634,/media/alergn/hdd/datasets/audio/speech/ITU-T P_Suppl_23_DB/P_Suppl_23_DB/Disk3/EXP3/CODED_WAV/OE3F8331.wav
114,1.8450310230255127,/media/alergn/hdd/datasets/audio/speech/ITU-T P_Suppl_23_DB/P_Suppl_23_DB/Disk3/EXP3/CODED_WAV/OE3F8230.wav
115,2.1284821033477783,/media/alergn/hdd/datasets/audio/speech/ITU-T P_Suppl_23_DB/P_Suppl_23_DB/Disk3/EXP3/CODED_WAV/OE3F8129.wav
116,1.4652862548828125,/media/alergn/hdd/datasets/audio/speech/ITU-T P_Suppl_23_DB/P_Suppl_23_DB/Disk3/EXP3/CODED_WAV/OE3F8028.wav
117,1.8914010524749756,/media/alergn/hdd/datasets/audio/speech/ITU-T P_Suppl_23_DB/P_Suppl_23_DB/Disk3/EXP3/CODED_WAV/OE3F7F27.wav
118,1.7912414073944092,/media/alergn/hdd/datasets/audio/speech/ITU-T P_Suppl_23_DB/P_Suppl_23_DB/Disk3/EXP3/CODED_WAV/OE3F7E26.wav
119,1.6052894592285156,/media/alergn/hdd/datasets/audio/speech/ITU-T P_Suppl_23_DB/P_Suppl_23_DB/Disk3/EXP3/CODED_WAV/OE3F7D25.wav
120,1.5792195796966553,/media/alergn/hdd/datasets/audio/speech/ITU-T P_Suppl_23_DB/P_Suppl_23_DB/Disk3/EXP3/CODED_WAV/OE3F7C24.wav
121,1.6280536651611328,/media/alergn/hdd/datasets/audio/speech/ITU-T P_Suppl_23_DB/P_Suppl_23_DB/Disk3/EXP3/CODED_WAV/OE3F7B23.wav
122,1.7783150672912598,/media/alergn/hdd/datasets/audio/speech/ITU-T P_Suppl_23_DB/P_Suppl_23_DB/Disk3/EXP3/CODED_WAV/OE3F7A22.wav
123,2.3079330921173096,/media/alergn/hdd/datasets/audio/speech/ITU-T P_Suppl_23_DB/P_Suppl_23_DB/Disk3/EXP3/CODED_WAV/OE3F7921.wav
124,1.5986974239349365,/media/alergn/hdd/datasets/audio/speech/ITU-T P_Suppl_23_DB/P_Suppl_23_DB/Disk3/EXP3/CODED_WAV/OE3F7820.wav
125,1.9298542737960815,/media/alergn/hdd/datasets/audio/speech/ITU-T P_Suppl_23_DB/P_Suppl_23_DB/Disk3/EXP3/CODED_WAV/OE3M3048.wav
126,1.52714204788208,/media/alergn/hdd/datasets/audio/speech/ITU-T P_Suppl_23_DB/P_Suppl_23_DB/Disk3/EXP3/CODED_WAV/OE3FAD23.wav
127,1.9170728921890259,/media/alergn/hdd/datasets/audio/speech/ITU-T P_Suppl_23_DB/P_Suppl_23_DB/Disk3/EXP3/CODED_WAV/OE3F7618.wav
128,1.6382358074188232,/media/alergn/hdd/datasets/audio/speech/ITU-T P_Suppl_23_DB/P_Suppl_23_DB/Disk3/EXP3/CODED_WAV/OE3FAF25.wav
129,1.4247077703475952,/media/alergn/hdd/datasets/audio/speech/ITU-T P_Suppl_23_DB/P_Suppl_23_DB/Disk3/EXP3/CODED_WAV/OE3M1B27.wav
130,1.3673993349075317,/media/alergn/hdd/datasets/audio/speech/ITU-T P_Suppl_23_DB/P_Suppl_23_DB/Disk3/EXP3/CODED_WAV/OE3M1A26.wav
131,1.3576475381851196,/media/alergn/hdd/datasets/audio/speech/ITU-T P_Suppl_23_DB/P_Suppl_23_DB/Disk3/EXP3/CODED_WAV/OE3M1925.wav
132,1.6491612195968628,/media/alergn/hdd/datasets/audio/speech/ITU-T P_Suppl_23_DB/P_Suppl_23_DB/Disk3/EXP3/CODED_WAV/OE3M1824.wav
133,1.4641942977905273,/media/alergn/hdd/datasets/audio/speech/ITU-T P_Suppl_23_DB/P_Suppl_23_DB/Disk3/EXP3/CODED_WAV/OE3M1723.wav
134,1.297670841217041,/media/alergn/hdd/datasets/audio/speech/ITU-T P_Suppl_23_DB/P_Suppl_23_DB/Disk3/EXP3/CODED_WAV/OE3M1622.wav
135,1.5572943687438965,/media/alergn/hdd/datasets/audio/speech/ITU-T P_Suppl_23_DB/P_Suppl_23_DB/Disk3/EXP3/CODED_WAV/OE3M1C28.wav
136,1.5336344242095947,/media/alergn/hdd/datasets/audio/speech/ITU-T P_Suppl_23_DB/P_Suppl_23_DB/Disk3/EXP3/CODED_WAV/OE3M1521.wav
137,1.834364652633667,/media/alergn/hdd/datasets/audio/speech/ITU-T P_Suppl_23_DB/P_Suppl_23_DB/Disk3/EXP3/CODED_WAV/OE3M1319.wav
138,1.8171935081481934,/media/alergn/hdd/datasets/audio/speech/ITU-T P_Suppl_23_DB/P_Suppl_23_DB/Disk3/EXP3/CODED_WAV/OE3M1218.wav
139,1.8665308952331543,/media/alergn/hdd/datasets/audio/speech/ITU-T P_Suppl_23_DB/P_Suppl_23_DB/Disk3/EXP3/CODED_WAV/OE3M1117.wav
140,1.8812973499298096,/media/alergn/hdd/datasets/audio/speech/ITU-T P_Suppl_23_DB/P_Suppl_23_DB/Disk3/EXP3/CODED_WAV/OE3M1016.wav
141,1.5588035583496094,/media/alergn/hdd/datasets/audio/speech/ITU-T P_Suppl_23_DB/P_Suppl_23_DB/Disk3/EXP3/CODED_WAV/OE3M0F15.wav
142,1.8024232387542725,/media/alergn/hdd/datasets/audio/speech/ITU-T P_Suppl_23_DB/P_Suppl_23_DB/Disk3/EXP3/CODED_WAV/OE3M0E14.wav
143,1.8561463356018066,/media/alergn/hdd/datasets/audio/speech/ITU-T P_Suppl_23_DB/P_Suppl_23_DB/Disk3/EXP3/CODED_WAV/OE3M1420.wav
144,2.36057448387146,/media/alergn/hdd/datasets/audio/speech/ITU-T P_Suppl_23_DB/P_Suppl_23_DB/Disk3/EXP3/CODED_WAV/OE3M1D29.wav
145,1.94873046875,/media/alergn/hdd/datasets/audio/speech/ITU-T P_Suppl_23_DB/P_Suppl_23_DB/Disk3/EXP3/CODED_WAV/OE3M1E30.wav
146,1.667241096496582,/media/alergn/hdd/datasets/audio/speech/ITU-T P_Suppl_23_DB/P_Suppl_23_DB/Disk3/EXP3/CODED_WAV/OE3M1F31.wav
147,1.2581464052200317,/media/alergn/hdd/datasets/audio/speech/ITU-T P_Suppl_23_DB/P_Suppl_23_DB/Disk3/EXP3/CODED_WAV/OE3FAE24.wav
148,3.598271369934082,/media/alergn/hdd/datasets/audio/speech/ITU-T P_Suppl_23_DB/P_Suppl_23_DB/Disk3/EXP3/CODED_WAV/OE3M2E46.wav
149,2.7998573780059814,/media/alergn/hdd/datasets/audio/speech/ITU-T P_Suppl_23_DB/P_Suppl_23_DB/Disk3/EXP3/CODED_WAV/OE3M2D45.wav
150,3.1005475521087646,/media/alergn/hdd/datasets/audio/speech/ITU-T P_Suppl_23_DB/P_Suppl_23_DB/Disk3/EXP3/CODED_WAV/OE3M2C44.wav
151,2.919822931289673,/media/alergn/hdd/datasets/audio/speech/ITU-T P_Suppl_23_DB/P_Suppl_23_DB/Disk3/EXP3/CODED_WAV/OE3M2B43.wav
152,2.212557554244995,/media/alergn/hdd/datasets/audio/speech/ITU-T P_Suppl_23_DB/P_Suppl_23_DB/Disk3/EXP3/CODED_WAV/OE3M2A42.wav
153,1.664697527885437,/media/alergn/hdd/datasets/audio/speech/ITU-T P_Suppl_23_DB/P_Suppl_23_DB/Disk3/EXP3/CODED_WAV/OE3M2941.wav
154,1.7416634559631348,/media/alergn/hdd/datasets/audio/speech/ITU-T P_Suppl_23_DB/P_Suppl_23_DB/Disk3/EXP3/CODED_WAV/OE3M2840.wav
155,1.6367802619934082,/media/alergn/hdd/datasets/audio/speech/ITU-T P_Suppl_23_DB/P_Suppl_23_DB/Disk3/EXP3/CODED_WAV/OE3M2739.wav
156,3.176804542541504,/media/alergn/hdd/datasets/audio/speech/ITU-T P_Suppl_23_DB/P_Suppl_23_DB/Disk3/EXP3/CODED_WAV/OE3M2537.wav
157,1.3987617492675781,/media/alergn/hdd/datasets/audio/speech/ITU-T P_Suppl_23_DB/P_Suppl_23_DB/Disk3/EXP3/CODED_WAV/OE3M2436.wav
158,1.7229859828948975,/media/alergn/hdd/datasets/audio/speech/ITU-T P_Suppl_23_DB/P_Suppl_23_DB/Disk3/EXP3/CODED_WAV/OE3M2335.wav
159,1.44955575466156,/media/alergn/hdd/datasets/audio/speech/ITU-T P_Suppl_23_DB/P_Suppl_23_DB/Disk3/EXP3/CODED_WAV/OE3M2234.wav
160,2.0256707668304443,/media/alergn/hdd/datasets/audio/speech/ITU-T P_Suppl_23_DB/P_Suppl_23_DB/Disk3/EXP3/CODED_WAV/OE3M2133.wav
161,1.36372971534729,/media/alergn/hdd/datasets/audio/speech/ITU-T P_Suppl_23_DB/P_Suppl_23_DB/Disk3/EXP3/CODED_WAV/OE3M2032.wav
162,1.559564471244812,/media/alergn/hdd/datasets/audio/speech/ITU-T P_Suppl_23_DB/P_Suppl_23_DB/Disk3/EXP3/CODED_WAV/OE3M0D13.wav
163,1.620884656906128,/media/alergn/hdd/datasets/audio/speech/ITU-T P_Suppl_23_DB/P_Suppl_23_DB/Disk3/EXP3/CODED_WAV/OE3M0C12.wav
164,2.055736541748047,/media/alergn/hdd/datasets/audio/speech/ITU-T P_Suppl_23_DB/P_Suppl_23_DB/Disk3/EXP3/CODED_WAV/OE3M2638.wav
165,1.5471091270446777,/media/alergn/hdd/datasets/audio/speech/ITU-T P_Suppl_23_DB/P_Suppl_23_DB/Disk3/EXP3/CODED_WAV/OE3M0A10.wav
166,1.8797099590301514,/media/alergn/hdd/datasets/audio/speech/ITU-T P_Suppl_23_DB/P_Suppl_23_DB/Disk3/EXP3/CODED_WAV/OE3FBE40.wav
167,1.4465515613555908,/media/alergn/hdd/datasets/audio/speech/ITU-T P_Suppl_23_DB/P_Suppl_23_DB/Disk3/EXP3/CODED_WAV/OE3FBD39.wav
168,1.624401330947876,/media/alergn/hdd/datasets/audio/speech/ITU-T P_Suppl_23_DB/P_Suppl_23_DB/Disk3/EXP3/CODED_WAV/OE3FBC38.wav
169,2.8374788761138916,/media/alergn/hdd/datasets/audio/speech/ITU-T P_Suppl_23_DB/P_Suppl_23_DB/Disk3/EXP3/CODED_WAV/OE3FBB37.wav
170,1.459999918937683,/media/alergn/hdd/datasets/audio/speech/ITU-T P_Suppl_23_DB/P_Suppl_23_DB/Disk3/EXP3/CODED_WAV/OE3FBA36.wav
171,1.4914721250534058,/media/alergn/hdd/datasets/audio/speech/ITU-T P_Suppl_23_DB/P_Suppl_23_DB/Disk3/EXP3/CODED_WAV/OE3FB935.wav
172,1.4340331554412842,/media/alergn/hdd/datasets/audio/speech/ITU-T P_Suppl_23_DB/P_Suppl_23_DB/Disk3/EXP3/CODED_WAV/OE3FBF41.wav
173,1.871316909790039,/media/alergn/hdd/datasets/audio/speech/ITU-T P_Suppl_23_DB/P_Suppl_23_DB/Disk3/EXP3/CODED_WAV/OE3FB733.wav
174,1.4836006164550781,/media/alergn/hdd/datasets/audio/speech/ITU-T P_Suppl_23_DB/P_Suppl_23_DB/Disk3/EXP3/CODED_WAV/OE3FB430.wav
175,1.8658995628356934,/media/alergn/hdd/datasets/audio/speech/ITU-T P_Suppl_23_DB/P_Suppl_23_DB/Disk3/EXP3/CODED_WAV/OE3FB329.wav
176,1.3563883304595947,/media/alergn/hdd/datasets/audio/speech/ITU-T P_Suppl_23_DB/P_Suppl_23_DB/Disk3/EXP3/CODED_WAV/OE3FB228.wav
177,1.5482896566390991,/media/alergn/hdd/datasets/audio/speech/ITU-T P_Suppl_23_DB/P_Suppl_23_DB/Disk3/EXP3/CODED_WAV/OE3FB127.wav
178,1.494590163230896,/media/alergn/hdd/datasets/audio/speech/ITU-T P_Suppl_23_DB/P_Suppl_23_DB/Disk3/EXP3/CODED_WAV/OE3M0B11.wav
179,1.2333745956420898,/media/alergn/hdd/datasets/audio/speech/ITU-T P_Suppl_23_DB/P_Suppl_23_DB/Disk3/EXP3/CODED_WAV/OE3FB026.wav
180,1.305654525756836,/media/alergn/hdd/datasets/audio/speech/ITU-T P_Suppl_23_DB/P_Suppl_23_DB/Disk3/EXP3/CODED_WAV/OE3FB632.wav
181,2.063811779022217,/media/alergn/hdd/datasets/audio/speech/ITU-T P_Suppl_23_DB/P_Suppl_23_DB/Disk3/EXP3/CODED_WAV/OE3FC042.wav
182,1.4842970371246338,/media/alergn/hdd/datasets/audio/speech/ITU-T P_Suppl_23_DB/P_Suppl_23_DB/Disk3/EXP3/CODED_WAV/OE3FB531.wav
183,2.665308713912964,/media/alergn/hdd/datasets/audio/speech/ITU-T P_Suppl_23_DB/P_Suppl_23_DB/Disk3/EXP3/CODED_WAV/OE3FC244.wav
184,2.3186161518096924,/media/alergn/hdd/datasets/audio/speech/ITU-T P_Suppl_23_DB/P_Suppl_23_DB/Disk3/EXP3/CODED_WAV/OE3FC143.wav
185,1.5585992336273193,/media/alergn/hdd/datasets/audio/speech/ITU-T P_Suppl_23_DB/P_Suppl_23_DB/Disk3/EXP3/CODED_WAV/OE3M0909.wav
186,1.972074031829834,/media/alergn/hdd/datasets/audio/speech/ITU-T P_Suppl_23_DB/P_Suppl_23_DB/Disk3/EXP3/CODED_WAV/OE3M0707.wav
187,1.8895089626312256,/media/alergn/hdd/datasets/audio/speech/ITU-T P_Suppl_23_DB/P_Suppl_23_DB/Disk3/EXP3/CODED_WAV/OE3M0606.wav
188,1.699935793876648,/media/alergn/hdd/datasets/audio/speech/ITU-T P_Suppl_23_DB/P_Suppl_23_DB/Disk3/EXP3/CODED_WAV/OE3M0505.wav
189,1.8345634937286377,/media/alergn/hdd/datasets/audio/speech/ITU-T P_Suppl_23_DB/P_Suppl_23_DB/Disk3/EXP3/CODED_WAV/OE3M0808.wav
190,2.070807456970215,/media/alergn/hdd/datasets/audio/speech/ITU-T P_Suppl_23_DB/P_Suppl_23_DB/Disk3/EXP3/CODED_WAV/OE3M0303.wav
191,2.4537527561187744,/media/alergn/hdd/datasets/audio/speech/ITU-T P_Suppl_23_DB/P_Suppl_23_DB/Disk3/EXP3/CODED_WAV/OE3M0202.wav
192,1.927808165550232,/media/alergn/hdd/datasets/audio/speech/ITU-T P_Suppl_23_DB/P_Suppl_23_DB/Disk3/EXP3/CODED_WAV/OE3M0404.wav
193,3.6536877155303955,/media/alergn/hdd/datasets/audio/speech/ITU-T P_Suppl_23_DB/P_Suppl_23_DB/Disk3/EXP3/CODED_WAV/OE3FC446.wav
194,2.503492593765259,/media/alergn/hdd/datasets/audio/speech/ITU-T P_Suppl_23_DB/P_Suppl_23_DB/Disk3/EXP3/CODED_WAV/OE3M0101.wav
195,1.7852342128753662,/media/alergn/hdd/datasets/audio/speech/ITU-T P_Suppl_23_DB/P_Suppl_23_DB/Disk3/EXP3/CODED_WAV/OE3FC850.wav
196,1.618484616279602,/media/alergn/hdd/datasets/audio/speech/ITU-T P_Suppl_23_DB/P_Suppl_23_DB/Disk3/EXP3/CODED_WAV/OE3FC749.wav
197,2.034348487854004,/media/alergn/hdd/datasets/audio/speech/ITU-T P_Suppl_23_DB/P_Suppl_23_DB/Disk3/EXP3/CODED_WAV/OE3FC648.wav
198,3.3418545722961426,/media/alergn/hdd/datasets/audio/speech/ITU-T P_Suppl_23_DB/P_Suppl_23_DB/Disk3/EXP3/CODED_WAV/OE3FC547.wav
199,2.8284332752227783,/media/alergn/hdd/datasets/audio/speech/ITU-T P_Suppl_23_DB/P_Suppl_23_DB/Disk3/EXP3/CODED_WAV/OE3FC345.wav
0,4.287553310394287,/media/alergn/hdd/datasets/audio/speech/TCD-VOIP/ref_deg_split16/C_03_NOISE_FA.wav
1,4.402566909790039,/media/alergn/hdd/datasets/audio/speech/TCD-VOIP/ref_deg_split16/C_02_NOISE_ML.wav
2,4.390315055847168,/media/alergn/hdd/datasets/audio/speech/TCD-VOIP/ref_deg_split16/C_02_NOISE_MK.wav
3,4.30922269821167,/media/alergn/hdd/datasets/audio/speech/TCD-VOIP/ref_deg_split16/C_02_NOISE_FG.wav
4,1.7078990936279297,/media/alergn/hdd/datasets/audio/speech/TCD-VOIP/ref_deg_split16/C_10_COMPSPKR_ML.wav
5,4.643888473510742,/media/alergn/hdd/datasets/audio/speech/TCD-VOIP/ref_deg_split16/C_01_NOISE_ML.wav
6,4.643888473510742,/media/alergn/hdd/datasets/audio/speech/TCD-VOIP/ref_deg_split16/C_01_NOISE_FA.wav
7,4.643888473510742,/media/alergn/hdd/datasets/audio/speech/TCD-VOIP/ref_deg_split16/C_01_NOISE_MK.wav
8,4.643888473510742,/media/alergn/hdd/datasets/audio/speech/TCD-VOIP/ref_deg_split16/C_01_NOISE_FG.wav
9,4.319912433624268,/media/alergn/hdd/datasets/audio/speech/TCD-VOIP/ref_deg_split16/C_02_NOISE_FA.wav
10,4.224536895751953,/media/alergn/hdd/datasets/audio/speech/TCD-VOIP/ref_deg_split16/C_03_NOISE_FG.wav
11,4.118191719055176,/media/alergn/hdd/datasets/audio/speech/TCD-VOIP/ref_deg_split16/C_05_NOISE_FA.wav
12,4.406103134155273,/media/alergn/hdd/datasets/audio/speech/TCD-VOIP/ref_deg_split16/C_03_NOISE_ML.wav
13,4.346709251403809,/media/alergn/hdd/datasets/audio/speech/TCD-VOIP/ref_deg_split16/C_04_NOISE_FA.wav
14,4.384545803070068,/media/alergn/hdd/datasets/audio/speech/TCD-VOIP/ref_deg_split16/C_04_NOISE_FG.wav
15,4.387333869934082,/media/alergn/hdd/datasets/audio/speech/TCD-VOIP/ref_deg_split16/C_04_NOISE_MK.wav
16,4.418961524963379,/media/alergn/hdd/datasets/audio/speech/TCD-VOIP/ref_deg_split16/C_04_NOISE_ML.wav
17,4.063063621520996,/media/alergn/hdd/datasets/audio/speech/TCD-VOIP/ref_deg_split16/C_05_NOISE_FG.wav
18,4.171976566314697,/media/alergn/hdd/datasets/audio/speech/TCD-VOIP/ref_deg_split16/C_05_NOISE_MK.wav
19,4.1955413818359375,/media/alergn/hdd/datasets/audio/speech/TCD-VOIP/ref_deg_split16/C_05_NOISE_ML.wav
20,3.8391103744506836,/media/alergn/hdd/datasets/audio/speech/TCD-VOIP/ref_deg_split16/C_06_NOISE_FA.wav
21,1.4912303686141968,/media/alergn/hdd/datasets/audio/speech/TCD-VOIP/ref_deg_split16/C_10_COMPSPKR_MK.wav
22,3.7920033931732178,/media/alergn/hdd/datasets/audio/speech/TCD-VOIP/ref_deg_split16/C_06_NOISE_FG.wav
23,3.7328977584838867,/media/alergn/hdd/datasets/audio/speech/TCD-VOIP/ref_deg_split16/C_06_NOISE_MK.wav
24,4.334011554718018,/media/alergn/hdd/datasets/audio/speech/TCD-VOIP/ref_deg_split16/C_03_NOISE_MK.wav
25,1.4692723751068115,/media/alergn/hdd/datasets/audio/speech/TCD-VOIP/ref_deg_split16/C_10_COMPSPKR_FG.wav
26,3.501742124557495,/media/alergn/hdd/datasets/audio/speech/TCD-VOIP/ref_deg_split16/C_06_COMPSPKR_FA.wav
27,2.46298885345459,/media/alergn/hdd/datasets/audio/speech/TCD-VOIP/ref_deg_split16/C_09_COMPSPKR_ML.wav
28,3.939657688140869,/media/alergn/hdd/datasets/audio/speech/TCD-VOIP/ref_deg_split16/C_06_NOISE_ML.wav
29,4.085023403167725,/media/alergn/hdd/datasets/audio/speech/TCD-VOIP/ref_deg_split16/C_03_COMPSPKR_MK.wav
30,4.071727275848389,/media/alergn/hdd/datasets/audio/speech/TCD-VOIP/ref_deg_split16/C_03_COMPSPKR_ML.wav
31,3.5972113609313965,/media/alergn/hdd/datasets/audio/speech/TCD-VOIP/ref_deg_split16/C_04_COMPSPKR_FA.wav
32,3.1122689247131348,/media/alergn/hdd/datasets/audio/speech/TCD-VOIP/ref_deg_split16/C_04_COMPSPKR_FG.wav
33,3.478412389755249,/media/alergn/hdd/datasets/audio/speech/TCD-VOIP/ref_deg_split16/C_04_COMPSPKR_MK.wav
34,3.864354133605957,/media/alergn/hdd/datasets/audio/speech/TCD-VOIP/ref_deg_split16/C_04_COMPSPKR_ML.wav
35,3.385441541671753,/media/alergn/hdd/datasets/audio/speech/TCD-VOIP/ref_deg_split16/C_05_COMPSPKR_FA.wav
36,3.263895034790039,/media/alergn/hdd/datasets/audio/speech/TCD-VOIP/ref_deg_split16/C_05_COMPSPKR_FG.wav
37,3.588528871536255,/media/alergn/hdd/datasets/audio/speech/TCD-VOIP/ref_deg_split16/C_05_COMPSPKR_MK.wav
38,3.6181483268737793,/media/alergn/hdd/datasets/audio/speech/TCD-VOIP/ref_deg_split16/C_05_COMPSPKR_ML.wav
39,3.1300930976867676,/media/alergn/hdd/datasets/audio/speech/TCD-VOIP/ref_deg_split16/C_06_COMPSPKR_FG.wav
40,3.375903844833374,/media/alergn/hdd/datasets/audio/speech/TCD-VOIP/ref_deg_split16/C_06_COMPSPKR_MK.wav
41,3.649930953979492,/media/alergn/hdd/datasets/audio/speech/TCD-VOIP/ref_deg_split16/C_06_COMPSPKR_ML.wav
42,2.5404458045959473,/media/alergn/hdd/datasets/audio/speech/TCD-VOIP/ref_deg_split16/C_07_COMPSPKR_FA.wav
43,2.374908208847046,/media/alergn/hdd/datasets/audio/speech/TCD-VOIP/ref_deg_split16/C_07_COMPSPKR_FG.wav
44,2.2659952640533447,/media/alergn/hdd/datasets/audio/speech/TCD-VOIP/ref_deg_split16/C_07_COMPSPKR_MK.wav
45,2.222939968109131,/media/alergn/hdd/datasets/audio/speech/TCD-VOIP/ref_deg_split16/C_07_COMPSPKR_ML.wav
46,2.446274995803833,/media/alergn/hdd/datasets/audio/speech/TCD-VOIP/ref_deg_split16/C_08_COMPSPKR_FA.wav
47,2.5181777477264404,/media/alergn/hdd/datasets/audio/speech/TCD-VOIP/ref_deg_split16/C_08_COMPSPKR_FG.wav
48,2.4611759185791016,/media/alergn/hdd/datasets/audio/speech/TCD-VOIP/ref_deg_split16/C_08_COMPSPKR_MK.wav
49,2.767096519470215,/media/alergn/hdd/datasets/audio/speech/TCD-VOIP/ref_deg_split16/C_08_COMPSPKR_ML.wav
50,2.4639248847961426,/media/alergn/hdd/datasets/audio/speech/TCD-VOIP/ref_deg_split16/C_09_COMPSPKR_FA.wav
51,2.13625431060791,/media/alergn/hdd/datasets/audio/speech/TCD-VOIP/ref_deg_split16/C_09_COMPSPKR_FG.wav
52,2.834420919418335,/media/alergn/hdd/datasets/audio/speech/TCD-VOIP/ref_deg_split16/C_09_COMPSPKR_MK.wav
53,1.475245475769043,/media/alergn/hdd/datasets/audio/speech/TCD-VOIP/ref_deg_split16/C_10_COMPSPKR_FA.wav
54,3.854706287384033,/media/alergn/hdd/datasets/audio/speech/TCD-VOIP/ref_deg_split16/C_07_NOISE_FA.wav
55,1.995055913925171,/media/alergn/hdd/datasets/audio/speech/TCD-VOIP/ref_deg_split16/C_16_NOISE_FA.wav
56,4.186913013458252,/media/alergn/hdd/datasets/audio/speech/TCD-VOIP/ref_deg_split16/C_07_NOISE_MK.wav
57,1.179762363433838,/media/alergn/hdd/datasets/audio/speech/TCD-VOIP/ref_deg_split16/C_15_NOISE_FA.wav
58,1.3070427179336548,/media/alergn/hdd/datasets/audio/speech/TCD-VOIP/ref_deg_split16/C_15_NOISE_FG.wav
59,1.345694899559021,/media/alergn/hdd/datasets/audio/speech/TCD-VOIP/ref_deg_split16/C_15_NOISE_MK.wav
60,1.5691719055175781,/media/alergn/hdd/datasets/audio/speech/TCD-VOIP/ref_deg_split16/C_15_NOISE_ML.wav
61,2.0167250633239746,/media/alergn/hdd/datasets/audio/speech/TCD-VOIP/ref_deg_split16/C_16_NOISE_FG.wav
62,2.0921428203582764,/media/alergn/hdd/datasets/audio/speech/TCD-VOIP/ref_deg_split16/C_16_NOISE_MK.wav
63,2.2161731719970703,/media/alergn/hdd/datasets/audio/speech/TCD-VOIP/ref_deg_split16/C_16_NOISE_ML.wav
64,1.2173806428909302,/media/alergn/hdd/datasets/audio/speech/TCD-VOIP/ref_deg_split16/C_17_NOISE_FA.wav
65,1.2856824398040771,/media/alergn/hdd/datasets/audio/speech/TCD-VOIP/ref_deg_split16/C_17_NOISE_FG.wav
66,1.354161024093628,/media/alergn/hdd/datasets/audio/speech/TCD-VOIP/ref_deg_split16/C_17_NOISE_MK.wav
67,1.4295529127120972,/media/alergn/hdd/datasets/audio/speech/TCD-VOIP/ref_deg_split16/C_17_NOISE_ML.wav
68,1.4608771800994873,/media/alergn/hdd/datasets/audio/speech/TCD-VOIP/ref_deg_split16/C_14_NOISE_ML.wav
69,1.05095374584198,/media/alergn/hdd/datasets/audio/speech/TCD-VOIP/ref_deg_split16/C_18_NOISE_FA.wav
70,1.0871633291244507,/media/alergn/hdd/datasets/audio/speech/TCD-VOIP/ref_deg_split16/C_18_NOISE_MK.wav
71,1.138218641281128,/media/alergn/hdd/datasets/audio/speech/TCD-VOIP/ref_deg_split16/C_18_NOISE_ML.wav
72,1.0729598999023438,/media/alergn/hdd/datasets/audio/speech/TCD-VOIP/ref_deg_split16/C_19_NOISE_FA.wav
73,1.051616907119751,/media/alergn/hdd/datasets/audio/speech/TCD-VOIP/ref_deg_split16/C_19_NOISE_FG.wav
74,1.053018569946289,/media/alergn/hdd/datasets/audio/speech/TCD-VOIP/ref_deg_split16/C_19_NOISE_MK.wav
75,1.1143364906311035,/media/alergn/hdd/datasets/audio/speech/TCD-VOIP/ref_deg_split16/C_19_NOISE_ML.wav
76,1.1964917182922363,/media/alergn/hdd/datasets/audio/speech/TCD-VOIP/ref_deg_split16/C_20_NOISE_FA.wav
77,1.2360661029815674,/media/alergn/hdd/datasets/audio/speech/TCD-VOIP/ref_deg_split16/C_20_NOISE_FG.wav
78,1.454543948173523,/media/alergn/hdd/datasets/audio/speech/TCD-VOIP/ref_deg_split16/C_20_NOISE_MK.wav
79,1.5731656551361084,/media/alergn/hdd/datasets/audio/speech/TCD-VOIP/ref_deg_split16/C_20_NOISE_ML.wav
80,4.010539531707764,/media/alergn/hdd/datasets/audio/speech/TCD-VOIP/ref_deg_split16/C_03_COMPSPKR_FG.wav
81,1.0503753423690796,/media/alergn/hdd/datasets/audio/speech/TCD-VOIP/ref_deg_split16/C_18_NOISE_FG.wav
82,1.3935105800628662,/media/alergn/hdd/datasets/audio/speech/TCD-VOIP/ref_deg_split16/C_14_NOISE_MK.wav
83,1.2165933847427368,/media/alergn/hdd/datasets/audio/speech/TCD-VOIP/ref_deg_split16/C_14_NOISE_FG.wav
84,1.204859972000122,/media/alergn/hdd/datasets/audio/speech/TCD-VOIP/ref_deg_split16/C_14_NOISE_FA.wav
85,4.057826519012451,/media/alergn/hdd/datasets/audio/speech/TCD-VOIP/ref_deg_split16/C_07_NOISE_ML.wav
86,4.190377235412598,/media/alergn/hdd/datasets/audio/speech/TCD-VOIP/ref_deg_split16/C_08_NOISE_FA.wav
87,4.180019378662109,/media/alergn/hdd/datasets/audio/speech/TCD-VOIP/ref_deg_split16/C_08_NOISE_FG.wav
88,4.2407402992248535,/media/alergn/hdd/datasets/audio/speech/TCD-VOIP/ref_deg_split16/C_08_NOISE_MK.wav
89,4.2091217041015625,/media/alergn/hdd/datasets/audio/speech/TCD-VOIP/ref_deg_split16/C_08_NOISE_ML.wav
90,3.6710777282714844,/media/alergn/hdd/datasets/audio/speech/TCD-VOIP/ref_deg_split16/C_09_NOISE_FA.wav
91,3.6962170600891113,/media/alergn/hdd/datasets/audio/speech/TCD-VOIP/ref_deg_split16/C_09_NOISE_FG.wav
92,3.714761734008789,/media/alergn/hdd/datasets/audio/speech/TCD-VOIP/ref_deg_split16/C_09_NOISE_MK.wav
93,3.7391598224639893,/media/alergn/hdd/datasets/audio/speech/TCD-VOIP/ref_deg_split16/C_09_NOISE_ML.wav
94,2.4895565509796143,/media/alergn/hdd/datasets/audio/speech/TCD-VOIP/ref_deg_split16/C_10_NOISE_FA.wav
95,2.8186111450195312,/media/alergn/hdd/datasets/audio/speech/TCD-VOIP/ref_deg_split16/C_10_NOISE_FG.wav
96,2.463862657546997,/media/alergn/hdd/datasets/audio/speech/TCD-VOIP/ref_deg_split16/C_10_NOISE_MK.wav
97,2.847325325012207,/media/alergn/hdd/datasets/audio/speech/TCD-VOIP/ref_deg_split16/C_10_NOISE_ML.wav
98,3.01505184173584,/media/alergn/hdd/datasets/audio/speech/TCD-VOIP/ref_deg_split16/C_11_NOISE_FA.wav
99,3.4404215812683105,/media/alergn/hdd/datasets/audio/speech/TCD-VOIP/ref_deg_split16/C_11_NOISE_FG.wav
100,3.2733094692230225,/media/alergn/hdd/datasets/audio/speech/TCD-VOIP/ref_deg_split16/C_11_NOISE_MK.wav
101,3.8441500663757324,/media/alergn/hdd/datasets/audio/speech/TCD-VOIP/ref_deg_split16/C_11_NOISE_ML.wav
102,3.5280630588531494,/media/alergn/hdd/datasets/audio/speech/TCD-VOIP/ref_deg_split16/C_12_NOISE_FA.wav
103,3.739832639694214,/media/alergn/hdd/datasets/audio/speech/TCD-VOIP/ref_deg_split16/C_12_NOISE_FG.wav
104,3.7667009830474854,/media/alergn/hdd/datasets/audio/speech/TCD-VOIP/ref_deg_split16/C_12_NOISE_MK.wav
105,3.8716881275177,/media/alergn/hdd/datasets/audio/speech/TCD-VOIP/ref_deg_split16/C_12_NOISE_ML.wav
106,2.048316717147827,/media/alergn/hdd/datasets/audio/speech/TCD-VOIP/ref_deg_split16/C_13_NOISE_FA.wav
107,2.015861988067627,/media/alergn/hdd/datasets/audio/speech/TCD-VOIP/ref_deg_split16/C_13_NOISE_FG.wav
108,1.9720134735107422,/media/alergn/hdd/datasets/audio/speech/TCD-VOIP/ref_deg_split16/C_13_NOISE_MK.wav
109,2.279022455215454,/media/alergn/hdd/datasets/audio/speech/TCD-VOIP/ref_deg_split16/C_13_NOISE_ML.wav
110,4.004149913787842,/media/alergn/hdd/datasets/audio/speech/TCD-VOIP/ref_deg_split16/C_07_NOISE_FG.wav
111,3.9480645656585693,/media/alergn/hdd/datasets/audio/speech/TCD-VOIP/ref_deg_split16/C_03_COMPSPKR_FA.wav
112,4.501217842102051,/media/alergn/hdd/datasets/audio/speech/TCD-VOIP/ref_deg_split16/C_21_CHOP_FA.wav
113,4.158593654632568,/media/alergn/hdd/datasets/audio/speech/TCD-VOIP/ref_deg_split16/C_02_COMPSPKR_MK.wav
114,2.1342363357543945,/media/alergn/hdd/datasets/audio/speech/TCD-VOIP/ref_deg_split16/C_09_ECHO_ML.wav
115,2.266756057739258,/media/alergn/hdd/datasets/audio/speech/TCD-VOIP/ref_deg_split16/C_09_ECHO_MK.wav
116,2.2778234481811523,/media/alergn/hdd/datasets/audio/speech/TCD-VOIP/ref_deg_split16/C_09_ECHO_FG.wav
117,2.4323179721832275,/media/alergn/hdd/datasets/audio/speech/TCD-VOIP/ref_deg_split16/C_09_ECHO_FA.wav
118,2.5197129249572754,/media/alergn/hdd/datasets/audio/speech/TCD-VOIP/ref_deg_split16/C_08_ECHO_ML.wav
119,2.2878057956695557,/media/alergn/hdd/datasets/audio/speech/TCD-VOIP/ref_deg_split16/C_08_ECHO_MK.wav
120,2.16078782081604,/media/alergn/hdd/datasets/audio/speech/TCD-VOIP/ref_deg_split16/C_08_ECHO_FG.wav
121,2.1424460411071777,/media/alergn/hdd/datasets/audio/speech/TCD-VOIP/ref_deg_split16/C_08_ECHO_FA.wav
122,3.5224132537841797,/media/alergn/hdd/datasets/audio/speech/TCD-VOIP/ref_deg_split16/C_07_ECHO_ML.wav
123,3.603574275970459,/media/alergn/hdd/datasets/audio/speech/TCD-VOIP/ref_deg_split16/C_07_ECHO_MK.wav
124,3.347007989883423,/media/alergn/hdd/datasets/audio/speech/TCD-VOIP/ref_deg_split16/C_07_ECHO_FG.wav
125,3.587270975112915,/media/alergn/hdd/datasets/audio/speech/TCD-VOIP/ref_deg_split16/C_07_ECHO_FA.wav
126,3.8793606758117676,/media/alergn/hdd/datasets/audio/speech/TCD-VOIP/ref_deg_split16/C_06_ECHO_ML.wav
127,3.909560203552246,/media/alergn/hdd/datasets/audio/speech/TCD-VOIP/ref_deg_split16/C_06_ECHO_MK.wav
128,3.094500780105591,/media/alergn/hdd/datasets/audio/speech/TCD-VOIP/ref_deg_split16/C_10_ECHO_FA.wav
129,3.7198984622955322,/media/alergn/hdd/datasets/audio/speech/TCD-VOIP/ref_deg_split16/C_06_ECHO_FG.wav
130,3.318481683731079,/media/alergn/hdd/datasets/audio/speech/TCD-VOIP/ref_deg_split16/C_05_ECHO_MK.wav
131,3.244309186935425,/media/alergn/hdd/datasets/audio/speech/TCD-VOIP/ref_deg_split16/C_05_ECHO_FG.wav
132,3.187044620513916,/media/alergn/hdd/datasets/audio/speech/TCD-VOIP/ref_deg_split16/C_05_ECHO_FA.wav
133,4.3624348640441895,/media/alergn/hdd/datasets/audio/speech/TCD-VOIP/ref_deg_split16/C_04_ECHO_ML.wav
134,4.250055313110352,/media/alergn/hdd/datasets/audio/speech/TCD-VOIP/ref_deg_split16/C_04_ECHO_MK.wav
135,4.101250171661377,/media/alergn/hdd/datasets/audio/speech/TCD-VOIP/ref_deg_split16/C_04_ECHO_FG.wav
136,4.008419513702393,/media/alergn/hdd/datasets/audio/speech/TCD-VOIP/ref_deg_split16/C_04_ECHO_FA.wav
137,4.55609130859375,/media/alergn/hdd/datasets/audio/speech/TCD-VOIP/ref_deg_split16/C_03_ECHO_ML.wav
138,4.450253963470459,/media/alergn/hdd/datasets/audio/speech/TCD-VOIP/ref_deg_split16/C_03_ECHO_MK.wav
139,4.545417308807373,/media/alergn/hdd/datasets/audio/speech/TCD-VOIP/ref_deg_split16/C_03_ECHO_FG.wav
140,4.523036479949951,/media/alergn/hdd/datasets/audio/speech/TCD-VOIP/ref_deg_split16/C_03_ECHO_FA.wav
141,4.480511665344238,/media/alergn/hdd/datasets/audio/speech/TCD-VOIP/ref_deg_split16/C_02_ECHO_ML.wav
142,4.388358116149902,/media/alergn/hdd/datasets/audio/speech/TCD-VOIP/ref_deg_split16/C_02_ECHO_MK.wav
143,4.5127081871032715,/media/alergn/hdd/datasets/audio/speech/TCD-VOIP/ref_deg_split16/C_02_ECHO_FG.wav
144,3.8277957439422607,/media/alergn/hdd/datasets/audio/speech/TCD-VOIP/ref_deg_split16/C_06_ECHO_FA.wav
145,4.451888561248779,/media/alergn/hdd/datasets/audio/speech/TCD-VOIP/ref_deg_split16/C_02_ECHO_FA.wav
146,3.2208290100097656,/media/alergn/hdd/datasets/audio/speech/TCD-VOIP/ref_deg_split16/C_10_ECHO_FG.wav
147,3.361957311630249,/media/alergn/hdd/datasets/audio/speech/TCD-VOIP/ref_deg_split16/C_10_ECHO_ML.wav
148,1.4877241849899292,/media/alergn/hdd/datasets/audio/speech/TCD-VOIP/ref_deg_split16/C_18_ECHO_FG.wav
149,1.2954140901565552,/media/alergn/hdd/datasets/audio/speech/TCD-VOIP/ref_deg_split16/C_18_ECHO_FA.wav
150,1.7472302913665771,/media/alergn/hdd/datasets/audio/speech/TCD-VOIP/ref_deg_split16/C_17_ECHO_ML.wav
151,1.5643513202667236,/media/alergn/hdd/datasets/audio/speech/TCD-VOIP/ref_deg_split16/C_17_ECHO_MK.wav
152,1.561815857887268,/media/alergn/hdd/datasets/audio/speech/TCD-VOIP/ref_deg_split16/C_17_ECHO_FG.wav
153,1.4351075887680054,/media/alergn/hdd/datasets/audio/speech/TCD-VOIP/ref_deg_split16/C_17_ECHO_FA.wav
154,1.887197494506836,/media/alergn/hdd/datasets/audio/speech/TCD-VOIP/ref_deg_split16/C_16_ECHO_ML.wav
155,1.9781521558761597,/media/alergn/hdd/datasets/audio/speech/TCD-VOIP/ref_deg_split16/C_16_ECHO_MK.wav
156,1.8175643682479858,/media/alergn/hdd/datasets/audio/speech/TCD-VOIP/ref_deg_split16/C_16_ECHO_FG.wav
157,1.6615204811096191,/media/alergn/hdd/datasets/audio/speech/TCD-VOIP/ref_deg_split16/C_16_ECHO_FA.wav
158,1.8718425035476685,/media/alergn/hdd/datasets/audio/speech/TCD-VOIP/ref_deg_split16/C_15_ECHO_ML.wav
159,2.0213980674743652,/media/alergn/hdd/datasets/audio/speech/TCD-VOIP/ref_deg_split16/C_15_ECHO_MK.wav
160,1.5966929197311401,/media/alergn/hdd/datasets/audio/speech/TCD-VOIP/ref_deg_split16/C_15_ECHO_FG.wav
161,1.4637562036514282,/media/alergn/hdd/datasets/audio/speech/TCD-VOIP/ref_deg_split16/C_15_ECHO_FA.wav
162,3.158174753189087,/media/alergn/hdd/datasets/audio/speech/TCD-VOIP/ref_deg_split16/C_10_ECHO_MK.wav
163,3.2228877544403076,/media/alergn/hdd/datasets/audio/speech/TCD-VOIP/ref_deg_split16/C_14_ECHO_ML.wav
164,2.9207541942596436,/media/alergn/hdd/datasets/audio/speech/TCD-VOIP/ref_deg_split16/C_14_ECHO_FG.wav
165,2.8835883140563965,/media/alergn/hdd/datasets/audio/speech/TCD-VOIP/ref_deg_split16/C_14_ECHO_FA.wav
166,2.1798813343048096,/media/alergn/hdd/datasets/audio/speech/TCD-VOIP/ref_deg_split16/C_13_ECHO_ML.wav
167,1.7302693128585815,/media/alergn/hdd/datasets/audio/speech/TCD-VOIP/ref_deg_split16/C_13_ECHO_MK.wav
168,1.6367762088775635,/media/alergn/hdd/datasets/audio/speech/TCD-VOIP/ref_deg_split16/C_13_ECHO_FG.wav
169,1.6071455478668213,/media/alergn/hdd/datasets/audio/speech/TCD-VOIP/ref_deg_split16/C_13_ECHO_FA.wav
170,2.131359100341797,/media/alergn/hdd/datasets/audio/speech/TCD-VOIP/ref_deg_split16/C_12_ECHO_ML.wav
171,2.2057220935821533,/media/alergn/hdd/datasets/audio/speech/TCD-VOIP/ref_deg_split16/C_12_ECHO_MK.wav
172,2.189570903778076,/media/alergn/hdd/datasets/audio/speech/TCD-VOIP/ref_deg_split16/C_12_ECHO_FG.wav
173,1.8526115417480469,/media/alergn/hdd/datasets/audio/speech/TCD-VOIP/ref_deg_split16/C_12_ECHO_FA.wav
174,2.363219976425171,/media/alergn/hdd/datasets/audio/speech/TCD-VOIP/ref_deg_split16/C_11_ECHO_ML.wav
175,2.2033445835113525,/media/alergn/hdd/datasets/audio/speech/TCD-VOIP/ref_deg_split16/C_11_ECHO_MK.wav
176,1.9611613750457764,/media/alergn/hdd/datasets/audio/speech/TCD-VOIP/ref_deg_split16/C_11_ECHO_FG.wav
177,2.364132881164551,/media/alergn/hdd/datasets/audio/speech/TCD-VOIP/ref_deg_split16/C_11_ECHO_FA.wav
178,3.3931939601898193,/media/alergn/hdd/datasets/audio/speech/TCD-VOIP/ref_deg_split16/C_14_ECHO_MK.wav
179,1.448232650756836,/media/alergn/hdd/datasets/audio/speech/TCD-VOIP/ref_deg_split16/C_18_ECHO_MK.wav
180,4.643888473510742,/media/alergn/hdd/datasets/audio/speech/TCD-VOIP/ref_deg_split16/C_01_ECHO_ML.wav
181,4.643888473510742,/media/alergn/hdd/datasets/audio/speech/TCD-VOIP/ref_deg_split16/C_01_ECHO_FG.wav
182,1.432728886604309,/media/alergn/hdd/datasets/audio/speech/TCD-VOIP/ref_deg_split16/C_14_CLIP_MK.wav
183,1.4039156436920166,/media/alergn/hdd/datasets/audio/speech/TCD-VOIP/ref_deg_split16/C_14_CLIP_FG.wav
184,1.2839174270629883,/media/alergn/hdd/datasets/audio/speech/TCD-VOIP/ref_deg_split16/C_14_CLIP_FA.wav
185,2.6984686851501465,/media/alergn/hdd/datasets/audio/speech/TCD-VOIP/ref_deg_split16/C_13_CLIP_ML.wav
186,2.883415699005127,/media/alergn/hdd/datasets/audio/speech/TCD-VOIP/ref_deg_split16/C_13_CLIP_MK.wav
187,2.866060972213745,/media/alergn/hdd/datasets/audio/speech/TCD-VOIP/ref_deg_split16/C_13_CLIP_FG.wav
188,3.1673507690429688,/media/alergn/hdd/datasets/audio/speech/TCD-VOIP/ref_deg_split16/C_13_CLIP_FA.wav
189,4.213508605957031,/media/alergn/hdd/datasets/audio/speech/TCD-VOIP/ref_deg_split16/C_12_CLIP_ML.wav
190,4.23300313949585,/media/alergn/hdd/datasets/audio/speech/TCD-VOIP/ref_deg_split16/C_12_CLIP_MK.wav
191,4.101550102233887,/media/alergn/hdd/datasets/audio/speech/TCD-VOIP/ref_deg_split16/C_12_CLIP_FG.wav
192,3.9616236686706543,/media/alergn/hdd/datasets/audio/speech/TCD-VOIP/ref_deg_split16/C_12_CLIP_FA.wav
193,4.559718132019043,/media/alergn/hdd/datasets/audio/speech/TCD-VOIP/ref_deg_split16/C_11_CLIP_ML.wav
194,4.517527103424072,/media/alergn/hdd/datasets/audio/speech/TCD-VOIP/ref_deg_split16/C_11_CLIP_MK.wav
195,4.543313980102539,/media/alergn/hdd/datasets/audio/speech/TCD-VOIP/ref_deg_split16/C_11_CLIP_FG.wav
196,1.4438520669937134,/media/alergn/hdd/datasets/audio/speech/TCD-VOIP/ref_deg_split16/C_14_CLIP_ML.wav
197,4.478435516357422,/media/alergn/hdd/datasets/audio/speech/TCD-VOIP/ref_deg_split16/C_11_CLIP_FA.wav
198,1.3887768983840942,/media/alergn/hdd/datasets/audio/speech/TCD-VOIP/ref_deg_split16/C_24_CHOP_MK.wav
199,1.3740626573562622,/media/alergn/hdd/datasets/audio/speech/TCD-VOIP/ref_deg_split16/C_24_CHOP_FG.wav
200,1.3023914098739624,/media/alergn/hdd/datasets/audio/speech/TCD-VOIP/ref_deg_split16/C_24_CHOP_FA.wav
201,2.7946791648864746,/media/alergn/hdd/datasets/audio/speech/TCD-VOIP/ref_deg_split16/C_23_CHOP_ML.wav
202,2.782135248184204,/media/alergn/hdd/datasets/audio/speech/TCD-VOIP/ref_deg_split16/C_23_CHOP_MK.wav
203,2.800481081008911,/media/alergn/hdd/datasets/audio/speech/TCD-VOIP/ref_deg_split16/C_23_CHOP_FG.wav
204,2.732969284057617,/media/alergn/hdd/datasets/audio/speech/TCD-VOIP/ref_deg_split16/C_23_CHOP_FA.wav
205,4.1559529304504395,/media/alergn/hdd/datasets/audio/speech/TCD-VOIP/ref_deg_split16/C_22_CHOP_ML.wav
206,4.23675537109375,/media/alergn/hdd/datasets/audio/speech/TCD-VOIP/ref_deg_split16/C_22_CHOP_MK.wav
207,4.258436679840088,/media/alergn/hdd/datasets/audio/speech/TCD-VOIP/ref_deg_split16/C_22_CHOP_FG.wav
208,4.1613922119140625,/media/alergn/hdd/datasets/audio/speech/TCD-VOIP/ref_deg_split16/C_22_CHOP_FA.wav
209,4.550716876983643,/media/alergn/hdd/datasets/audio/speech/TCD-VOIP/ref_deg_split16/C_21_CHOP_ML.wav
210,4.53406286239624,/media/alergn/hdd/datasets/audio/speech/TCD-VOIP/ref_deg_split16/C_21_CHOP_MK.wav
211,4.533518314361572,/media/alergn/hdd/datasets/audio/speech/TCD-VOIP/ref_deg_split16/C_21_CHOP_FG.wav
212,1.533909797668457,/media/alergn/hdd/datasets/audio/speech/TCD-VOIP/ref_deg_split16/C_24_CHOP_ML.wav
213,4.643888473510742,/media/alergn/hdd/datasets/audio/speech/TCD-VOIP/ref_deg_split16/C_01_ECHO_MK.wav
214,4.491940498352051,/media/alergn/hdd/datasets/audio/speech/TCD-VOIP/ref_deg_split16/C_11_COMPSPKR_FA.wav
215,4.53670072555542,/media/alergn/hdd/datasets/audio/speech/TCD-VOIP/ref_deg_split16/C_11_COMPSPKR_MK.wav
216,4.643888473510742,/media/alergn/hdd/datasets/audio/speech/TCD-VOIP/ref_deg_split16/C_01_ECHO_FA.wav
217,1.4372878074645996,/media/alergn/hdd/datasets/audio/speech/TCD-VOIP/ref_deg_split16/C_24_NOISE_ML.wav
218,1.3728581666946411,/media/alergn/hdd/datasets/audio/speech/TCD-VOIP/ref_deg_split16/C_24_NOISE_MK.wav
219,1.3844047784805298,/media/alergn/hdd/datasets/audio/speech/TCD-VOIP/ref_deg_split16/C_24_NOISE_FG.wav
220,1.2348875999450684,/media/alergn/hdd/datasets/audio/speech/TCD-VOIP/ref_deg_split16/C_24_NOISE_FA.wav
221,2.694074869155884,/media/alergn/hdd/datasets/audio/speech/TCD-VOIP/ref_deg_split16/C_23_NOISE_ML.wav
222,2.7954306602478027,/media/alergn/hdd/datasets/audio/speech/TCD-VOIP/ref_deg_split16/C_23_NOISE_MK.wav
223,2.979992151260376,/media/alergn/hdd/datasets/audio/speech/TCD-VOIP/ref_deg_split16/C_23_NOISE_FG.wav
224,2.6881399154663086,/media/alergn/hdd/datasets/audio/speech/TCD-VOIP/ref_deg_split16/C_23_NOISE_FA.wav
225,4.093385696411133,/media/alergn/hdd/datasets/audio/speech/TCD-VOIP/ref_deg_split16/C_22_NOISE_ML.wav
226,4.152019023895264,/media/alergn/hdd/datasets/audio/speech/TCD-VOIP/ref_deg_split16/C_22_NOISE_MK.wav
227,4.1417975425720215,/media/alergn/hdd/datasets/audio/speech/TCD-VOIP/ref_deg_split16/C_22_NOISE_FG.wav
228,4.190313339233398,/media/alergn/hdd/datasets/audio/speech/TCD-VOIP/ref_deg_split16/C_22_NOISE_FA.wav
229,4.561145782470703,/media/alergn/hdd/datasets/audio/speech/TCD-VOIP/ref_deg_split16/C_21_NOISE_ML.wav
230,4.516773700714111,/media/alergn/hdd/datasets/audio/speech/TCD-VOIP/ref_deg_split16/C_11_COMPSPKR_FG.wav
231,4.556336402893066,/media/alergn/hdd/datasets/audio/speech/TCD-VOIP/ref_deg_split16/C_21_NOISE_MK.wav
232,4.476648807525635,/media/alergn/hdd/datasets/audio/speech/TCD-VOIP/ref_deg_split16/C_21_NOISE_FA.wav
233,1.4542630910873413,/media/alergn/hdd/datasets/audio/speech/TCD-VOIP/ref_deg_split16/C_14_COMPSPKR_ML.wav
234,1.371608018875122,/media/alergn/hdd/datasets/audio/speech/TCD-VOIP/ref_deg_split16/C_14_COMPSPKR_MK.wav
235,1.6196956634521484,/media/alergn/hdd/datasets/audio/speech/TCD-VOIP/ref_deg_split16/C_14_COMPSPKR_FG.wav
236,1.2174901962280273,/media/alergn/hdd/datasets/audio/speech/TCD-VOIP/ref_deg_split16/C_14_COMPSPKR_FA.wav
237,2.7451486587524414,/media/alergn/hdd/datasets/audio/speech/TCD-VOIP/ref_deg_split16/C_13_COMPSPKR_ML.wav
238,2.828090190887451,/media/alergn/hdd/datasets/audio/speech/TCD-VOIP/ref_deg_split16/C_13_COMPSPKR_MK.wav
239,2.884777069091797,/media/alergn/hdd/datasets/audio/speech/TCD-VOIP/ref_deg_split16/C_13_COMPSPKR_FG.wav
240,2.82240629196167,/media/alergn/hdd/datasets/audio/speech/TCD-VOIP/ref_deg_split16/C_13_COMPSPKR_FA.wav
241,4.197460651397705,/media/alergn/hdd/datasets/audio/speech/TCD-VOIP/ref_deg_split16/C_12_COMPSPKR_ML.wav
242,3.953126907348633,/media/alergn/hdd/datasets/audio/speech/TCD-VOIP/ref_deg_split16/C_12_COMPSPKR_MK.wav
243,4.173211574554443,/media/alergn/hdd/datasets/audio/speech/TCD-VOIP/ref_deg_split16/C_12_COMPSPKR_FG.wav
244,3.980740547180176,/media/alergn/hdd/datasets/audio/speech/TCD-VOIP/ref_deg_split16/C_12_COMPSPKR_FA.wav
245,4.54487943649292,/media/alergn/hdd/datasets/audio/speech/TCD-VOIP/ref_deg_split16/C_11_COMPSPKR_ML.wav
246,4.535405158996582,/media/alergn/hdd/datasets/audio/speech/TCD-VOIP/ref_deg_split16/C_21_NOISE_FG.wav
247,4.149453163146973,/media/alergn/hdd/datasets/audio/speech/TCD-VOIP/ref_deg_split16/C_02_COMPSPKR_ML.wav
248,1.5265181064605713,/media/alergn/hdd/datasets/audio/speech/TCD-VOIP/ref_deg_split16/C_18_ECHO_ML.wav
249,1.5181248188018799,/media/alergn/hdd/datasets/audio/speech/TCD-VOIP/ref_deg_split16/C_19_ECHO_FG.wav
250,3.5369274616241455,/media/alergn/hdd/datasets/audio/speech/TCD-VOIP/ref_deg_split16/C_03_CLIP_ML.wav
251,3.376739740371704,/media/alergn/hdd/datasets/audio/speech/TCD-VOIP/ref_deg_split16/C_03_CLIP_MK.wav
252,2.7470250129699707,/media/alergn/hdd/datasets/audio/speech/TCD-VOIP/ref_deg_split16/C_03_CLIP_FG.wav
253,2.9147212505340576,/media/alergn/hdd/datasets/audio/speech/TCD-VOIP/ref_deg_split16/C_03_CLIP_FA.wav
254,4.1442484855651855,/media/alergn/hdd/datasets/audio/speech/TCD-VOIP/ref_deg_split16/C_02_CLIP_ML.wav
255,4.195822715759277,/media/alergn/hdd/datasets/audio/speech/TCD-VOIP/ref_deg_split16/C_02_CLIP_MK.wav
256,3.288515329360962,/media/alergn/hdd/datasets/audio/speech/TCD-VOIP/ref_deg_split16/C_02_CLIP_FG.wav
257,3.0264859199523926,/media/alergn/hdd/datasets/audio/speech/TCD-VOIP/ref_deg_split16/C_02_CLIP_FA.wav
258,4.643888473510742,/media/alergn/hdd/datasets/audio/speech/TCD-VOIP/ref_deg_split16/C_01_CLIP_ML.wav
259,4.643888473510742,/media/alergn/hdd/datasets/audio/speech/TCD-VOIP/ref_deg_split16/C_01_CLIP_MK.wav
260,4.643888473510742,/media/alergn/hdd/datasets/audio/speech/TCD-VOIP/ref_deg_split16/C_01_CLIP_FG.wav
261,4.643888473510742,/media/alergn/hdd/datasets/audio/speech/TCD-VOIP/ref_deg_split16/C_01_CLIP_FA.wav
262,2.3304922580718994,/media/alergn/hdd/datasets/audio/speech/TCD-VOIP/ref_deg_split16/C_20_CHOP_ML.wav
263,2.0876400470733643,/media/alergn/hdd/datasets/audio/speech/TCD-VOIP/ref_deg_split16/C_20_CHOP_MK.wav
264,2.313542366027832,/media/alergn/hdd/datasets/audio/speech/TCD-VOIP/ref_deg_split16/C_04_CLIP_FA.wav
265,1.9938931465148926,/media/alergn/hdd/datasets/audio/speech/TCD-VOIP/ref_deg_split16/C_20_CHOP_FG.wav
266,2.3126003742218018,/media/alergn/hdd/datasets/audio/speech/TCD-VOIP/ref_deg_split16/C_19_CHOP_ML.wav
267,2.650200366973877,/media/alergn/hdd/datasets/audio/speech/TCD-VOIP/ref_deg_split16/C_19_CHOP_MK.wav
268,2.8418893814086914,/media/alergn/hdd/datasets/audio/speech/TCD-VOIP/ref_deg_split16/C_19_CHOP_FG.wav
269,2.1664373874664307,/media/alergn/hdd/datasets/audio/speech/TCD-VOIP/ref_deg_split16/C_19_CHOP_FA.wav
270,2.2345759868621826,/media/alergn/hdd/datasets/audio/speech/TCD-VOIP/ref_deg_split16/C_18_CHOP_ML.wav
271,1.911853313446045,/media/alergn/hdd/datasets/audio/speech/TCD-VOIP/ref_deg_split16/C_18_CHOP_MK.wav
272,2.1896274089813232,/media/alergn/hdd/datasets/audio/speech/TCD-VOIP/ref_deg_split16/C_18_CHOP_FG.wav
273,1.8367879390716553,/media/alergn/hdd/datasets/audio/speech/TCD-VOIP/ref_deg_split16/C_18_CHOP_FA.wav
274,2.5633022785186768,/media/alergn/hdd/datasets/audio/speech/TCD-VOIP/ref_deg_split16/C_17_CHOP_ML.wav
275,1.946592926979065,/media/alergn/hdd/datasets/audio/speech/TCD-VOIP/ref_deg_split16/C_17_CHOP_MK.wav
276,2.4458730220794678,/media/alergn/hdd/datasets/audio/speech/TCD-VOIP/ref_deg_split16/C_17_CHOP_FG.wav
277,2.1282529830932617,/media/alergn/hdd/datasets/audio/speech/TCD-VOIP/ref_deg_split16/C_17_CHOP_FA.wav
278,2.7451114654541016,/media/alergn/hdd/datasets/audio/speech/TCD-VOIP/ref_deg_split16/C_16_CHOP_ML.wav
279,2.228189468383789,/media/alergn/hdd/datasets/audio/speech/TCD-VOIP/ref_deg_split16/C_16_CHOP_MK.wav
280,1.8357114791870117,/media/alergn/hdd/datasets/audio/speech/TCD-VOIP/ref_deg_split16/C_20_CHOP_FA.wav
281,2.363560199737549,/media/alergn/hdd/datasets/audio/speech/TCD-VOIP/ref_deg_split16/C_16_CHOP_FG.wav
282,2.408890724182129,/media/alergn/hdd/datasets/audio/speech/TCD-VOIP/ref_deg_split16/C_04_CLIP_FG.wav
283,3.317434072494507,/media/alergn/hdd/datasets/audio/speech/TCD-VOIP/ref_deg_split16/C_04_CLIP_ML.wav
284,3.8292934894561768,/media/alergn/hdd/datasets/audio/speech/TCD-VOIP/ref_deg_split16/C_02_COMPSPKR_FG.wav
285,4.144046306610107,/media/alergn/hdd/datasets/audio/speech/TCD-VOIP/ref_deg_split16/C_02_COMPSPKR_FA.wav
286,4.643888473510742,/media/alergn/hdd/datasets/audio/speech/TCD-VOIP/ref_deg_split16/C_01_COMPSPKR_ML.wav
287,4.643888473510742,/media/alergn/hdd/datasets/audio/speech/TCD-VOIP/ref_deg_split16/C_01_COMPSPKR_MK.wav
288,4.643888473510742,/media/alergn/hdd/datasets/audio/speech/TCD-VOIP/ref_deg_split16/C_01_COMPSPKR_FG.wav
289,4.643888473510742,/media/alergn/hdd/datasets/audio/speech/TCD-VOIP/ref_deg_split16/C_01_COMPSPKR_FA.wav
290,1.8112635612487793,/media/alergn/hdd/datasets/audio/speech/TCD-VOIP/ref_deg_split16/C_10_CLIP_ML.wav
291,1.4474964141845703,/media/alergn/hdd/datasets/audio/speech/TCD-VOIP/ref_deg_split16/C_10_CLIP_MK.wav
292,1.2528945207595825,/media/alergn/hdd/datasets/audio/speech/TCD-VOIP/ref_deg_split16/C_10_CLIP_FG.wav
293,1.2726926803588867,/media/alergn/hdd/datasets/audio/speech/TCD-VOIP/ref_deg_split16/C_10_CLIP_FA.wav
294,2.006451368331909,/media/alergn/hdd/datasets/audio/speech/TCD-VOIP/ref_deg_split16/C_09_CLIP_ML.wav
295,1.6076682806015015,/media/alergn/hdd/datasets/audio/speech/TCD-VOIP/ref_deg_split16/C_09_CLIP_MK.wav
296,1.5910041332244873,/media/alergn/hdd/datasets/audio/speech/TCD-VOIP/ref_deg_split16/C_09_CLIP_FG.wav
297,1.6175285577774048,/media/alergn/hdd/datasets/audio/speech/TCD-VOIP/ref_deg_split16/C_09_CLIP_FA.wav
298,3.342830181121826,/media/alergn/hdd/datasets/audio/speech/TCD-VOIP/ref_deg_split16/C_04_CLIP_MK.wav
299,2.6884710788726807,/media/alergn/hdd/datasets/audio/speech/TCD-VOIP/ref_deg_split16/C_08_CLIP_ML.wav
300,1.6989798545837402,/media/alergn/hdd/datasets/audio/speech/TCD-VOIP/ref_deg_split16/C_08_CLIP_FG.wav
301,1.5987238883972168,/media/alergn/hdd/datasets/audio/speech/TCD-VOIP/ref_deg_split16/C_08_CLIP_FA.wav
302,2.8649742603302,/media/alergn/hdd/datasets/audio/speech/TCD-VOIP/ref_deg_split16/C_07_CLIP_ML.wav
303,2.2364397048950195,/media/alergn/hdd/datasets/audio/speech/TCD-VOIP/ref_deg_split16/C_07_CLIP_MK.wav
304,2.05359148979187,/media/alergn/hdd/datasets/audio/speech/TCD-VOIP/ref_deg_split16/C_07_CLIP_FG.wav
305,2.103161334991455,/media/alergn/hdd/datasets/audio/speech/TCD-VOIP/ref_deg_split16/C_07_CLIP_FA.wav
306,2.660674571990967,/media/alergn/hdd/datasets/audio/speech/TCD-VOIP/ref_deg_split16/C_06_CLIP_ML.wav
307,2.3245415687561035,/media/alergn/hdd/datasets/audio/speech/TCD-VOIP/ref_deg_split16/C_06_CLIP_MK.wav
308,2.0649423599243164,/media/alergn/hdd/datasets/audio/speech/TCD-VOIP/ref_deg_split16/C_06_CLIP_FG.wav
309,2.3374030590057373,/media/alergn/hdd/datasets/audio/speech/TCD-VOIP/ref_deg_split16/C_06_CLIP_FA.wav
310,2.9932491779327393,/media/alergn/hdd/datasets/audio/speech/TCD-VOIP/ref_deg_split16/C_05_CLIP_ML.wav
311,3.3305907249450684,/media/alergn/hdd/datasets/audio/speech/TCD-VOIP/ref_deg_split16/C_05_CLIP_MK.wav
312,2.233466863632202,/media/alergn/hdd/datasets/audio/speech/TCD-VOIP/ref_deg_split16/C_05_CLIP_FG.wav
313,2.711709499359131,/media/alergn/hdd/datasets/audio/speech/TCD-VOIP/ref_deg_split16/C_05_CLIP_FA.wav
314,1.9681382179260254,/media/alergn/hdd/datasets/audio/speech/TCD-VOIP/ref_deg_split16/C_08_CLIP_MK.wav
315,1.4311001300811768,/media/alergn/hdd/datasets/audio/speech/TCD-VOIP/ref_deg_split16/C_19_ECHO_FA.wav
316,2.308452844619751,/media/alergn/hdd/datasets/audio/speech/TCD-VOIP/ref_deg_split16/C_16_CHOP_FA.wav
317,2.9188127517700195,/media/alergn/hdd/datasets/audio/speech/TCD-VOIP/ref_deg_split16/C_15_CHOP_MK.wav
318,4.183498859405518,/media/alergn/hdd/datasets/audio/speech/TCD-VOIP/ref_deg_split16/C_06_CHOP_ML.wav
319,4.025632381439209,/media/alergn/hdd/datasets/audio/speech/TCD-VOIP/ref_deg_split16/C_06_CHOP_MK.wav
320,3.6389307975769043,/media/alergn/hdd/datasets/audio/speech/TCD-VOIP/ref_deg_split16/C_06_CHOP_FG.wav
321,4.027567386627197,/media/alergn/hdd/datasets/audio/speech/TCD-VOIP/ref_deg_split16/C_06_CHOP_FA.wav
322,4.363210201263428,/media/alergn/hdd/datasets/audio/speech/TCD-VOIP/ref_deg_split16/C_05_CHOP_ML.wav
323,3.664510488510132,/media/alergn/hdd/datasets/audio/speech/TCD-VOIP/ref_deg_split16/C_05_CHOP_MK.wav
324,3.5139963626861572,/media/alergn/hdd/datasets/audio/speech/TCD-VOIP/ref_deg_split16/C_05_CHOP_FG.wav
325,3.5881495475769043,/media/alergn/hdd/datasets/audio/speech/TCD-VOIP/ref_deg_split16/C_05_CHOP_FA.wav
326,4.011077880859375,/media/alergn/hdd/datasets/audio/speech/TCD-VOIP/ref_deg_split16/C_04_CHOP_ML.wav
327,4.005563259124756,/media/alergn/hdd/datasets/audio/speech/TCD-VOIP/ref_deg_split16/C_04_CHOP_MK.wav
328,3.6750519275665283,/media/alergn/hdd/datasets/audio/speech/TCD-VOIP/ref_deg_split16/C_04_CHOP_FG.wav
329,3.815203905105591,/media/alergn/hdd/datasets/audio/speech/TCD-VOIP/ref_deg_split16/C_04_CHOP_FA.wav
330,4.164243221282959,/media/alergn/hdd/datasets/audio/speech/TCD-VOIP/ref_deg_split16/C_03_CHOP_ML.wav
331,4.309323310852051,/media/alergn/hdd/datasets/audio/speech/TCD-VOIP/ref_deg_split16/C_03_CHOP_MK.wav
332,3.37961745262146,/media/alergn/hdd/datasets/audio/speech/TCD-VOIP/ref_deg_split16/C_07_CHOP_FA.wav
333,4.556174278259277,/media/alergn/hdd/datasets/audio/speech/TCD-VOIP/ref_deg_split16/C_03_CHOP_FG.wav
334,4.643331527709961,/media/alergn/hdd/datasets/audio/speech/TCD-VOIP/ref_deg_split16/C_02_CHOP_ML.wav
335,3.7769527435302734,/media/alergn/hdd/datasets/audio/speech/TCD-VOIP/ref_deg_split16/C_02_CHOP_MK.wav
336,4.171433448791504,/media/alergn/hdd/datasets/audio/speech/TCD-VOIP/ref_deg_split16/C_02_CHOP_FG.wav
337,4.64333963394165,/media/alergn/hdd/datasets/audio/speech/TCD-VOIP/ref_deg_split16/C_02_CHOP_FA.wav
338,4.643888473510742,/media/alergn/hdd/datasets/audio/speech/TCD-VOIP/ref_deg_split16/C_01_CHOP_ML.wav
339,4.643888473510742,/media/alergn/hdd/datasets/audio/speech/TCD-VOIP/ref_deg_split16/C_01_CHOP_MK.wav
340,4.643888473510742,/media/alergn/hdd/datasets/audio/speech/TCD-VOIP/ref_deg_split16/C_01_CHOP_FG.wav
341,4.643888473510742,/media/alergn/hdd/datasets/audio/speech/TCD-VOIP/ref_deg_split16/C_01_CHOP_FA.wav
342,1.2688030004501343,/media/alergn/hdd/datasets/audio/speech/TCD-VOIP/ref_deg_split16/C_20_ECHO_ML.wav
343,1.3002057075500488,/media/alergn/hdd/datasets/audio/speech/TCD-VOIP/ref_deg_split16/C_20_ECHO_MK.wav
344,1.2763612270355225,/media/alergn/hdd/datasets/audio/speech/TCD-VOIP/ref_deg_split16/C_20_ECHO_FG.wav
345,1.19609534740448,/media/alergn/hdd/datasets/audio/speech/TCD-VOIP/ref_deg_split16/C_20_ECHO_FA.wav
346,1.8883683681488037,/media/alergn/hdd/datasets/audio/speech/TCD-VOIP/ref_deg_split16/C_19_ECHO_ML.wav
347,1.5687873363494873,/media/alergn/hdd/datasets/audio/speech/TCD-VOIP/ref_deg_split16/C_19_ECHO_MK.wav
348,4.203009128570557,/media/alergn/hdd/datasets/audio/speech/TCD-VOIP/ref_deg_split16/C_03_CHOP_FA.wav
349,2.8936798572540283,/media/alergn/hdd/datasets/audio/speech/TCD-VOIP/ref_deg_split16/C_15_CHOP_ML.wav
350,2.8552896976470947,/media/alergn/hdd/datasets/audio/speech/TCD-VOIP/ref_deg_split16/C_07_CHOP_FG.wav
351,3.536998987197876,/media/alergn/hdd/datasets/audio/speech/TCD-VOIP/ref_deg_split16/C_07_CHOP_ML.wav
352,2.231975793838501,/media/alergn/hdd/datasets/audio/speech/TCD-VOIP/ref_deg_split16/C_15_CHOP_FG.wav
353,2.1511483192443848,/media/alergn/hdd/datasets/audio/speech/TCD-VOIP/ref_deg_split16/C_15_CHOP_FA.wav
354,2.6817240715026855,/media/alergn/hdd/datasets/audio/speech/TCD-VOIP/ref_deg_split16/C_14_CHOP_ML.wav
355,2.128469944000244,/media/alergn/hdd/datasets/audio/speech/TCD-VOIP/ref_deg_split16/C_14_CHOP_MK.wav
356,2.1278069019317627,/media/alergn/hdd/datasets/audio/speech/TCD-VOIP/ref_deg_split16/C_14_CHOP_FG.wav
357,2.754185914993286,/media/alergn/hdd/datasets/audio/speech/TCD-VOIP/ref_deg_split16/C_14_CHOP_FA.wav
358,2.3630483150482178,/media/alergn/hdd/datasets/audio/speech/TCD-VOIP/ref_deg_split16/C_13_CHOP_ML.wav
359,2.1871836185455322,/media/alergn/hdd/datasets/audio/speech/TCD-VOIP/ref_deg_split16/C_13_CHOP_MK.wav
360,2.6373801231384277,/media/alergn/hdd/datasets/audio/speech/TCD-VOIP/ref_deg_split16/C_13_CHOP_FG.wav
361,2.041696310043335,/media/alergn/hdd/datasets/audio/speech/TCD-VOIP/ref_deg_split16/C_13_CHOP_FA.wav
362,3.0621705055236816,/media/alergn/hdd/datasets/audio/speech/TCD-VOIP/ref_deg_split16/C_12_CHOP_ML.wav
363,3.628741502761841,/media/alergn/hdd/datasets/audio/speech/TCD-VOIP/ref_deg_split16/C_12_CHOP_MK.wav
364,3.004467725753784,/media/alergn/hdd/datasets/audio/speech/TCD-VOIP/ref_deg_split16/C_12_CHOP_FG.wav
365,2.9419169425964355,/media/alergn/hdd/datasets/audio/speech/TCD-VOIP/ref_deg_split16/C_12_CHOP_FA.wav
366,2.968951940536499,/media/alergn/hdd/datasets/audio/speech/TCD-VOIP/ref_deg_split16/C_07_CHOP_MK.wav
367,3.6852378845214844,/media/alergn/hdd/datasets/audio/speech/TCD-VOIP/ref_deg_split16/C_11_CHOP_ML.wav
368,4.026717662811279,/media/alergn/hdd/datasets/audio/speech/TCD-VOIP/ref_deg_split16/C_11_CHOP_FG.wav
369,3.8713431358337402,/media/alergn/hdd/datasets/audio/speech/TCD-VOIP/ref_deg_split16/C_11_CHOP_FA.wav
370,4.120826721191406,/media/alergn/hdd/datasets/audio/speech/TCD-VOIP/ref_deg_split16/C_10_CHOP_ML.wav
371,3.526787519454956,/media/alergn/hdd/datasets/audio/speech/TCD-VOIP/ref_deg_split16/C_10_CHOP_MK.wav
372,3.4867897033691406,/media/alergn/hdd/datasets/audio/speech/TCD-VOIP/ref_deg_split16/C_10_CHOP_FG.wav
373,3.4341719150543213,/media/alergn/hdd/datasets/audio/speech/TCD-VOIP/ref_deg_split16/C_10_CHOP_FA.wav
374,2.9428467750549316,/media/alergn/hdd/datasets/audio/speech/TCD-VOIP/ref_deg_split16/C_09_CHOP_ML.wav
375,2.9792208671569824,/media/alergn/hdd/datasets/audio/speech/TCD-VOIP/ref_deg_split16/C_09_CHOP_MK.wav
376,2.8874733448028564,/media/alergn/hdd/datasets/audio/speech/TCD-VOIP/ref_deg_split16/C_09_CHOP_FG.wav
377,3.513580560684204,/media/alergn/hdd/datasets/audio/speech/TCD-VOIP/ref_deg_split16/C_09_CHOP_FA.wav
378,3.238091468811035,/media/alergn/hdd/datasets/audio/speech/TCD-VOIP/ref_deg_split16/C_08_CHOP_ML.wav
379,2.984898805618286,/media/alergn/hdd/datasets/audio/speech/TCD-VOIP/ref_deg_split16/C_08_CHOP_MK.wav
380,2.581278085708618,/media/alergn/hdd/datasets/audio/speech/TCD-VOIP/ref_deg_split16/C_08_CHOP_FG.wav
381,3.034724712371826,/media/alergn/hdd/datasets/audio/speech/TCD-VOIP/ref_deg_split16/C_08_CHOP_FA.wav
382,3.787059783935547,/media/alergn/hdd/datasets/audio/speech/TCD-VOIP/ref_deg_split16/C_11_CHOP_MK.wav
383,3.34116792678833,/media/alergn/hdd/datasets/audio/speech/TCD-VOIP/ref_deg_split16/C_05_ECHO_ML.wav
