db,Filename,moslqo
TCD-VOIP,C_01_ECHO_FA.wav,4.48315334
TCD-VOIP,C_01_ECHO_FG.wav,4.30936527
TCD-VOIP,C_01_ECHO_MK.wav,4.61207104
TCD-VOIP,C_01_ECHO_ML.wav,4.16503906
TCD-VOIP,C_02_ECHO_FA.wav,4.49234772
TCD-VOIP,C_02_ECHO_FG.wav,4.65388298
TCD-VOIP,C_02_ECHO_MK.wav,4.45459509
TCD-VOIP,C_02_ECHO_ML.wav,4.32763004
TCD-VOIP,C_03_ECHO_FA.wav,4.30769587
TCD-VOIP,C_03_ECHO_FG.wav,4.24383354
TCD-VOIP,C_03_ECHO_MK.wav,4.3487401
TCD-VOIP,C_03_ECHO_ML.wav,4.3361187
TCD-VOIP,C_04_ECHO_FA.wav,3.61093092
TCD-VOIP,C_04_ECHO_FG.wav,4.25689507
TCD-VOIP,C_04_ECHO_MK.wav,4.5258646
TCD-VOIP,C_04_ECHO_ML.wav,4.58418846
TCD-VOIP,C_05_ECHO_FA.wav,4.14883184
TCD-VOIP,C_05_ECHO_FG.wav,4.08108997
TCD-VOIP,C_05_ECHO_MK.wav,4.27866364
TCD-VOIP,C_05_ECHO_ML.wav,3.6174047
TCD-VOIP,C_06_ECHO_FA.wav,3.90717983
TCD-VOIP,C_06_ECHO_FG.wav,3.74812484
TCD-VOIP,C_06_ECHO_MK.wav,4.29981232
TCD-VOIP,C_06_ECHO_ML.wav,4.26187325
TCD-VOIP,C_07_ECHO_FA.wav,3.49954414
TCD-VOIP,C_07_ECHO_FG.wav,2.53577065
TCD-VOIP,C_07_ECHO_MK.wav,3.83532882
TCD-VOIP,C_07_ECHO_ML.wav,4.30050325
TCD-VOIP,C_08_ECHO_FA.wav,3.83997011
TCD-VOIP,C_08_ECHO_FG.wav,3.41567683
TCD-VOIP,C_08_ECHO_MK.wav,3.5547483
TCD-VOIP,C_08_ECHO_ML.wav,4.14630604
TCD-VOIP,C_09_ECHO_FA.wav,3.35970879
TCD-VOIP,C_09_ECHO_FG.wav,3.45863938
TCD-VOIP,C_09_ECHO_MK.wav,3.60429835
TCD-VOIP,C_09_ECHO_ML.wav,3.8895545
TCD-VOIP,C_10_ECHO_FA.wav,3.35600519
TCD-VOIP,C_10_ECHO_FG.wav,3.17316437
TCD-VOIP,C_10_ECHO_MK.wav,3.68420029
TCD-VOIP,C_10_ECHO_ML.wav,3.6319294
TCD-VOIP,C_11_ECHO_FA.wav,3.63871861
TCD-VOIP,C_11_ECHO_FG.wav,2.93978214
TCD-VOIP,C_11_ECHO_MK.wav,3.51592708
TCD-VOIP,C_11_ECHO_ML.wav,3.34362197
TCD-VOIP,C_12_ECHO_FA.wav,2.90623736
TCD-VOIP,C_12_ECHO_FG.wav,2.51352763
TCD-VOIP,C_12_ECHO_MK.wav,3.8103478
TCD-VOIP,C_12_ECHO_ML.wav,3.52844977
TCD-VOIP,C_13_ECHO_FA.wav,2.45035195
TCD-VOIP,C_13_ECHO_FG.wav,2.46692371
TCD-VOIP,C_13_ECHO_MK.wav,2.9270556
TCD-VOIP,C_13_ECHO_ML.wav,3.49088168
TCD-VOIP,C_14_ECHO_FA.wav,3.42021728
TCD-VOIP,C_14_ECHO_FG.wav,2.95645475
TCD-VOIP,C_14_ECHO_MK.wav,3.95074964
TCD-VOIP,C_14_ECHO_ML.wav,3.96554255
TCD-VOIP,C_15_ECHO_FA.wav,3.01467371
TCD-VOIP,C_15_ECHO_FG.wav,2.47885203
TCD-VOIP,C_15_ECHO_MK.wav,2.58039188
TCD-VOIP,C_15_ECHO_ML.wav,2.72586846
TCD-VOIP,C_16_ECHO_FA.wav,2.35695744
TCD-VOIP,C_16_ECHO_FG.wav,2.25094581
TCD-VOIP,C_16_ECHO_MK.wav,2.57599306
TCD-VOIP,C_16_ECHO_ML.wav,1.73764181
TCD-VOIP,C_17_ECHO_FA.wav,1.89314127
TCD-VOIP,C_17_ECHO_FG.wav,2.32133985
TCD-VOIP,C_17_ECHO_MK.wav,2.76291728
TCD-VOIP,C_17_ECHO_ML.wav,2.74644423
TCD-VOIP,C_18_ECHO_FA.wav,1.39406371
TCD-VOIP,C_18_ECHO_FG.wav,1.31618738
TCD-VOIP,C_18_ECHO_MK.wav,1.85286307
TCD-VOIP,C_18_ECHO_ML.wav,1.37084651
TCD-VOIP,C_19_ECHO_FA.wav,2.5997467
TCD-VOIP,C_19_ECHO_FG.wav,1.99495363
TCD-VOIP,C_19_ECHO_MK.wav,2.40012383
TCD-VOIP,C_19_ECHO_ML.wav,2.85921502
TCD-VOIP,C_20_ECHO_FA.wav,1.57198644
TCD-VOIP,C_20_ECHO_FG.wav,1.38665223
TCD-VOIP,C_20_ECHO_MK.wav,1.71788573
TCD-VOIP,C_20_ECHO_ML.wav,1.38090158
TCD-VOIP,C_01_CHOP_FA.wav,4.24316406
TCD-VOIP,C_01_CHOP_FG.wav,4.31462002
TCD-VOIP,C_01_CHOP_MK.wav,4.65589142
TCD-VOIP,C_01_CHOP_ML.wav,4.09301615
TCD-VOIP,C_02_CHOP_FA.wav,4.13710117
TCD-VOIP,C_02_CHOP_FG.wav,4.39552879
TCD-VOIP,C_02_CHOP_MK.wav,4.57827473
TCD-VOIP,C_02_CHOP_ML.wav,4.23195267
TCD-VOIP,C_03_CHOP_FA.wav,4.0914197
TCD-VOIP,C_03_CHOP_FG.wav,4.23256826
TCD-VOIP,C_03_CHOP_MK.wav,4.28416538
TCD-VOIP,C_03_CHOP_ML.wav,4.14268875
TCD-VOIP,C_04_CHOP_FA.wav,3.89531159
TCD-VOIP,C_04_CHOP_FG.wav,4.41620302
TCD-VOIP,C_04_CHOP_MK.wav,4.06823063
TCD-VOIP,C_04_CHOP_ML.wav,4.31396389
TCD-VOIP,C_05_CHOP_FA.wav,3.7800281
TCD-VOIP,C_05_CHOP_FG.wav,3.72678947
TCD-VOIP,C_05_CHOP_MK.wav,4.15182495
TCD-VOIP,C_05_CHOP_ML.wav,3.84886217
TCD-VOIP,C_06_CHOP_FA.wav,4.11397171
TCD-VOIP,C_06_CHOP_FG.wav,4.11272526
TCD-VOIP,C_06_CHOP_MK.wav,3.94749022
TCD-VOIP,C_06_CHOP_ML.wav,4.35383606
TCD-VOIP,C_07_CHOP_FA.wav,4.00090694
TCD-VOIP,C_07_CHOP_FG.wav,4.04275799
TCD-VOIP,C_07_CHOP_MK.wav,4.27986336
TCD-VOIP,C_07_CHOP_ML.wav,4.3153801
TCD-VOIP,C_08_CHOP_FA.wav,3.56866574
TCD-VOIP,C_08_CHOP_FG.wav,3.65898967
TCD-VOIP,C_08_CHOP_MK.wav,3.70984221
TCD-VOIP,C_08_CHOP_ML.wav,3.441396
TCD-VOIP,C_09_CHOP_FA.wav,3.07006454
TCD-VOIP,C_09_CHOP_FG.wav,3.17391109
TCD-VOIP,C_09_CHOP_MK.wav,3.42364621
TCD-VOIP,C_09_CHOP_ML.wav,3.73655701
TCD-VOIP,C_10_CHOP_FA.wav,3.76343274
TCD-VOIP,C_10_CHOP_FG.wav,4.26765823
TCD-VOIP,C_10_CHOP_MK.wav,4.04176426
TCD-VOIP,C_10_CHOP_ML.wav,4.15032291
TCD-VOIP,C_11_CHOP_FA.wav,4.17459822
TCD-VOIP,C_11_CHOP_FG.wav,4.51359749
TCD-VOIP,C_11_CHOP_MK.wav,4.01875782
TCD-VOIP,C_11_CHOP_ML.wav,3.67466021
TCD-VOIP,C_12_CHOP_FA.wav,4.16883898
TCD-VOIP,C_12_CHOP_FG.wav,3.97007871
TCD-VOIP,C_12_CHOP_MK.wav,4.37308788
TCD-VOIP,C_12_CHOP_ML.wav,4.07052231
TCD-VOIP,C_13_CHOP_FA.wav,3.7281177
TCD-VOIP,C_13_CHOP_FG.wav,3.73428893
TCD-VOIP,C_13_CHOP_MK.wav,3.66636682
TCD-VOIP,C_13_CHOP_ML.wav,4.01875782
TCD-VOIP,C_14_CHOP_FA.wav,2.84443283
TCD-VOIP,C_14_CHOP_FG.wav,3.21957517
TCD-VOIP,C_14_CHOP_MK.wav,3.19108367
TCD-VOIP,C_14_CHOP_ML.wav,3.34882331
TCD-VOIP,C_15_CHOP_FA.wav,2.74097896
TCD-VOIP,C_15_CHOP_FG.wav,2.77579618
TCD-VOIP,C_15_CHOP_MK.wav,3.30347681
TCD-VOIP,C_15_CHOP_ML.wav,3.51099825
TCD-VOIP,C_16_CHOP_FA.wav,3.84879994
TCD-VOIP,C_16_CHOP_FG.wav,3.7892592
TCD-VOIP,C_16_CHOP_MK.wav,3.88525438
TCD-VOIP,C_16_CHOP_ML.wav,4.06151199
TCD-VOIP,C_17_CHOP_FA.wav,3.57618022
TCD-VOIP,C_17_CHOP_FG.wav,3.33394885
TCD-VOIP,C_17_CHOP_MK.wav,4.20996046
TCD-VOIP,C_17_CHOP_ML.wav,3.85874343
TCD-VOIP,C_18_CHOP_FA.wav,3.68453074
TCD-VOIP,C_18_CHOP_FG.wav,3.37631059
TCD-VOIP,C_18_CHOP_MK.wav,3.95535874
TCD-VOIP,C_18_CHOP_ML.wav,3.83687162
TCD-VOIP,C_19_CHOP_FA.wav,2.88752842
TCD-VOIP,C_19_CHOP_FG.wav,2.34603548
TCD-VOIP,C_19_CHOP_MK.wav,2.84721804
TCD-VOIP,C_19_CHOP_ML.wav,2.5709033
TCD-VOIP,C_20_CHOP_FA.wav,3.71831369
TCD-VOIP,C_20_CHOP_FG.wav,3.64760852
TCD-VOIP,C_20_CHOP_MK.wav,3.75057745
TCD-VOIP,C_20_CHOP_ML.wav,3.5454185
TCD-VOIP,C_21_CHOP_FA.wav,4.20992613
TCD-VOIP,C_21_CHOP_FG.wav,4.29382563
TCD-VOIP,C_21_CHOP_MK.wav,3.92451763
TCD-VOIP,C_21_CHOP_ML.wav,4.14468384
TCD-VOIP,C_22_CHOP_FA.wav,3.86690164
TCD-VOIP,C_22_CHOP_FG.wav,3.84622931
TCD-VOIP,C_22_CHOP_MK.wav,3.88781643
TCD-VOIP,C_22_CHOP_ML.wav,3.85040283
TCD-VOIP,C_23_CHOP_FA.wav,2.9311111
TCD-VOIP,C_23_CHOP_FG.wav,3.42517614
TCD-VOIP,C_23_CHOP_MK.wav,2.60704231
TCD-VOIP,C_23_CHOP_ML.wav,2.61284661
TCD-VOIP,C_24_CHOP_FA.wav,1.35558367
TCD-VOIP,C_24_CHOP_FG.wav,1.48443484
TCD-VOIP,C_24_CHOP_MK.wav,1.62399125
TCD-VOIP,C_24_CHOP_ML.wav,1.9616642
TCD-VOIP,C_01_CLIP_FA.wav,4.25674438
TCD-VOIP,C_01_CLIP_FG.wav,4.31760502
TCD-VOIP,C_01_CLIP_MK.wav,4.55891371
TCD-VOIP,C_01_CLIP_ML.wav,4.16668892
TCD-VOIP,C_02_CLIP_FA.wav,3.35963583
TCD-VOIP,C_02_CLIP_FG.wav,3.88332319
TCD-VOIP,C_02_CLIP_MK.wav,4.51388454
TCD-VOIP,C_02_CLIP_ML.wav,4.02650833
TCD-VOIP,C_03_CLIP_FA.wav,3.78107309
TCD-VOIP,C_03_CLIP_FG.wav,3.00791669
TCD-VOIP,C_03_CLIP_MK.wav,4.14275932
TCD-VOIP,C_03_CLIP_ML.wav,3.98307776
TCD-VOIP,C_04_CLIP_FA.wav,3.44036174
TCD-VOIP,C_04_CLIP_FG.wav,2.88211465
TCD-VOIP,C_04_CLIP_MK.wav,4.1930666
TCD-VOIP,C_04_CLIP_ML.wav,3.07546759
TCD-VOIP,C_05_CLIP_FA.wav,3.32336378
TCD-VOIP,C_05_CLIP_FG.wav,3.18889713
TCD-VOIP,C_05_CLIP_MK.wav,3.59307384
TCD-VOIP,C_05_CLIP_ML.wav,4.06007671
TCD-VOIP,C_06_CLIP_FA.wav,2.88696623
TCD-VOIP,C_06_CLIP_FG.wav,2.93397999
TCD-VOIP,C_06_CLIP_MK.wav,3.01835155
TCD-VOIP,C_06_CLIP_ML.wav,3.38439155
TCD-VOIP,C_07_CLIP_FA.wav,2.66830826
TCD-VOIP,C_07_CLIP_FG.wav,2.50037408
TCD-VOIP,C_07_CLIP_MK.wav,3.44809508
TCD-VOIP,C_07_CLIP_ML.wav,3.19364357
TCD-VOIP,C_08_CLIP_FA.wav,2.27494192
TCD-VOIP,C_08_CLIP_FG.wav,1.98831034
TCD-VOIP,C_08_CLIP_MK.wav,2.68024516
TCD-VOIP,C_08_CLIP_ML.wav,3.65260601
TCD-VOIP,C_09_CLIP_FA.wav,1.93437648
TCD-VOIP,C_09_CLIP_FG.wav,2.20780945
TCD-VOIP,C_09_CLIP_MK.wav,2.25410438
TCD-VOIP,C_09_CLIP_ML.wav,2.43778205
TCD-VOIP,C_10_CLIP_FA.wav,1.64844012
TCD-VOIP,C_10_CLIP_FG.wav,1.32507086
TCD-VOIP,C_10_CLIP_MK.wav,1.74877405
TCD-VOIP,C_10_CLIP_ML.wav,1.77113295
TCD-VOIP,C_11_CLIP_FA.wav,4.05484104
TCD-VOIP,C_11_CLIP_FG.wav,4.41013479
TCD-VOIP,C_11_CLIP_MK.wav,4.16204739
TCD-VOIP,C_11_CLIP_ML.wav,4.3832674
TCD-VOIP,C_12_CLIP_FA.wav,4.39004803
TCD-VOIP,C_12_CLIP_FG.wav,3.71490836
TCD-VOIP,C_12_CLIP_MK.wav,4.12327766
TCD-VOIP,C_12_CLIP_ML.wav,4.09854984
TCD-VOIP,C_13_CLIP_FA.wav,3.23508263
TCD-VOIP,C_13_CLIP_FG.wav,3.02304006
TCD-VOIP,C_13_CLIP_MK.wav,3.20974112
TCD-VOIP,C_13_CLIP_ML.wav,2.29372597
TCD-VOIP,C_14_CLIP_FA.wav,1.29330921
TCD-VOIP,C_14_CLIP_FG.wav,1.65544391
TCD-VOIP,C_14_CLIP_MK.wav,1.77359843
TCD-VOIP,C_14_CLIP_ML.wav,1.77004933
TCD-VOIP,C_01_COMPSPKR_FA.wav,4.07085705
TCD-VOIP,C_01_COMPSPKR_FG.wav,4.26664925
TCD-VOIP,C_01_COMPSPKR_MK.wav,4.29246712
TCD-VOIP,C_01_COMPSPKR_ML.wav,4.51833534
TCD-VOIP,C_02_COMPSPKR_FA.wav,3.94905019
TCD-VOIP,C_02_COMPSPKR_FG.wav,3.64604855
TCD-VOIP,C_02_COMPSPKR_MK.wav,4.42724323
TCD-VOIP,C_02_COMPSPKR_ML.wav,4.48925352
TCD-VOIP,C_03_COMPSPKR_FA.wav,4.29384899
TCD-VOIP,C_03_COMPSPKR_FG.wav,3.88708687
TCD-VOIP,C_03_COMPSPKR_MK.wav,3.98836923
TCD-VOIP,C_03_COMPSPKR_ML.wav,4.30613995
TCD-VOIP,C_04_COMPSPKR_FA.wav,4.18617249
TCD-VOIP,C_04_COMPSPKR_FG.wav,3.94603324
TCD-VOIP,C_04_COMPSPKR_MK.wav,3.95412707
TCD-VOIP,C_04_COMPSPKR_ML.wav,4.45327091
TCD-VOIP,C_05_COMPSPKR_FA.wav,3.93402123
TCD-VOIP,C_05_COMPSPKR_FG.wav,3.79330611
TCD-VOIP,C_05_COMPSPKR_MK.wav,3.76765132
TCD-VOIP,C_05_COMPSPKR_ML.wav,3.69872713
TCD-VOIP,C_06_COMPSPKR_FA.wav,4.04876804
TCD-VOIP,C_06_COMPSPKR_FG.wav,3.91600966
TCD-VOIP,C_06_COMPSPKR_MK.wav,4.08490515
TCD-VOIP,C_06_COMPSPKR_ML.wav,4.10884571
TCD-VOIP,C_07_COMPSPKR_FA.wav,3.57731533
TCD-VOIP,C_07_COMPSPKR_FG.wav,3.53730321
TCD-VOIP,C_07_COMPSPKR_MK.wav,2.95834732
TCD-VOIP,C_07_COMPSPKR_ML.wav,4.10775089
TCD-VOIP,C_08_COMPSPKR_FA.wav,3.52651644
TCD-VOIP,C_08_COMPSPKR_FG.wav,3.47638702
TCD-VOIP,C_08_COMPSPKR_MK.wav,3.61884451
TCD-VOIP,C_08_COMPSPKR_ML.wav,3.91263652
TCD-VOIP,C_09_COMPSPKR_FA.wav,3.63238645
TCD-VOIP,C_09_COMPSPKR_FG.wav,2.940943
TCD-VOIP,C_09_COMPSPKR_MK.wav,3.42462897
TCD-VOIP,C_09_COMPSPKR_ML.wav,3.88924122
TCD-VOIP,C_10_COMPSPKR_FA.wav,2.81070566
TCD-VOIP,C_10_COMPSPKR_FG.wav,2.9419837
TCD-VOIP,C_10_COMPSPKR_MK.wav,2.59924245
TCD-VOIP,C_10_COMPSPKR_ML.wav,2.07167125
TCD-VOIP,C_11_COMPSPKR_FA.wav,3.96189046
TCD-VOIP,C_11_COMPSPKR_FG.wav,3.66893744
TCD-VOIP,C_11_COMPSPKR_MK.wav,4.38967705
TCD-VOIP,C_11_COMPSPKR_ML.wav,4.15657616
TCD-VOIP,C_12_COMPSPKR_FA.wav,3.67580605
TCD-VOIP,C_12_COMPSPKR_FG.wav,4.15882492
TCD-VOIP,C_12_COMPSPKR_MK.wav,4.04875088
TCD-VOIP,C_12_COMPSPKR_ML.wav,4.14384937
TCD-VOIP,C_13_COMPSPKR_FA.wav,2.89327264
TCD-VOIP,C_13_COMPSPKR_FG.wav,2.91015124
TCD-VOIP,C_13_COMPSPKR_MK.wav,3.0259068
TCD-VOIP,C_13_COMPSPKR_ML.wav,3.18153501
TCD-VOIP,C_14_COMPSPKR_FA.wav,1.50593972
TCD-VOIP,C_14_COMPSPKR_FG.wav,1.93026519
TCD-VOIP,C_14_COMPSPKR_MK.wav,1.55568933
TCD-VOIP,C_14_COMPSPKR_ML.wav,1.80910444
TCD-VOIP,C_01_NOISE_FA.wav,4.23513889
TCD-VOIP,C_01_NOISE_FG.wav,4.32390499
TCD-VOIP,C_01_NOISE_MK.wav,3.9757843
TCD-VOIP,C_01_NOISE_ML.wav,4.34876585
TCD-VOIP,C_02_NOISE_FA.wav,4.29158974
TCD-VOIP,C_02_NOISE_FG.wav,4.49136925
TCD-VOIP,C_02_NOISE_MK.wav,4.72349644
TCD-VOIP,C_02_NOISE_ML.wav,4.40323639
TCD-VOIP,C_03_NOISE_FA.wav,4.51519156
TCD-VOIP,C_03_NOISE_FG.wav,4.35597563
TCD-VOIP,C_03_NOISE_MK.wav,4.09135962
TCD-VOIP,C_03_NOISE_ML.wav,4.50649691
TCD-VOIP,C_04_NOISE_FA.wav,4.58430862
TCD-VOIP,C_04_NOISE_FG.wav,4.15795565
TCD-VOIP,C_04_NOISE_MK.wav,4.18102455
TCD-VOIP,C_04_NOISE_ML.wav,3.79751825
TCD-VOIP,C_05_NOISE_FA.wav,3.46439004
TCD-VOIP,C_05_NOISE_FG.wav,3.5915761
TCD-VOIP,C_05_NOISE_MK.wav,3.58502293
TCD-VOIP,C_05_NOISE_ML.wav,3.41467261
TCD-VOIP,C_06_NOISE_FA.wav,4.32546282
TCD-VOIP,C_06_NOISE_FG.wav,3.95278597
TCD-VOIP,C_06_NOISE_MK.wav,3.90515208
TCD-VOIP,C_06_NOISE_ML.wav,3.9207325
TCD-VOIP,C_07_NOISE_FA.wav,4.17575693
TCD-VOIP,C_07_NOISE_FG.wav,4.07500267
TCD-VOIP,C_07_NOISE_MK.wav,3.88374591
TCD-VOIP,C_07_NOISE_ML.wav,3.12470651
TCD-VOIP,C_08_NOISE_FA.wav,4.01072598
TCD-VOIP,C_08_NOISE_FG.wav,3.90884495
TCD-VOIP,C_08_NOISE_MK.wav,4.16256714
TCD-VOIP,C_08_NOISE_ML.wav,4.02138424
TCD-VOIP,C_09_NOISE_FA.wav,3.47320271
TCD-VOIP,C_09_NOISE_FG.wav,2.95203876
TCD-VOIP,C_09_NOISE_MK.wav,2.9413743
TCD-VOIP,C_09_NOISE_ML.wav,2.75135374
TCD-VOIP,C_10_NOISE_FA.wav,3.89800239
TCD-VOIP,C_10_NOISE_FG.wav,2.86663938
TCD-VOIP,C_10_NOISE_MK.wav,3.8234005
TCD-VOIP,C_10_NOISE_ML.wav,3.7256093
TCD-VOIP,C_11_NOISE_FA.wav,3.36840773
TCD-VOIP,C_11_NOISE_FG.wav,2.67913365
TCD-VOIP,C_11_NOISE_MK.wav,2.78281069
TCD-VOIP,C_11_NOISE_ML.wav,2.72799706
TCD-VOIP,C_12_NOISE_FA.wav,3.57580042
TCD-VOIP,C_12_NOISE_FG.wav,3.48792052
TCD-VOIP,C_12_NOISE_MK.wav,3.46001053
TCD-VOIP,C_12_NOISE_ML.wav,3.02384043
TCD-VOIP,C_13_NOISE_FA.wav,2.13802695
TCD-VOIP,C_13_NOISE_FG.wav,2.05633759
TCD-VOIP,C_13_NOISE_MK.wav,1.96867228
TCD-VOIP,C_13_NOISE_ML.wav,1.88169575
TCD-VOIP,C_14_NOISE_FA.wav,2.70486355
TCD-VOIP,C_14_NOISE_FG.wav,2.36169529
TCD-VOIP,C_14_NOISE_MK.wav,2.78694773
TCD-VOIP,C_14_NOISE_ML.wav,1.0
TCD-VOIP,C_15_NOISE_FA.wav,1.58395338
TCD-VOIP,C_15_NOISE_FG.wav,1.0
TCD-VOIP,C_15_NOISE_MK.wav,1.17822099
TCD-VOIP,C_15_NOISE_ML.wav,1.58783937
TCD-VOIP,C_16_NOISE_FA.wav,2.31684875
TCD-VOIP,C_16_NOISE_FG.wav,1.68059874
TCD-VOIP,C_16_NOISE_MK.wav,2.77490568
TCD-VOIP,C_16_NOISE_ML.wav,2.18608356
TCD-VOIP,C_17_NOISE_FA.wav,1.50794816
TCD-VOIP,C_17_NOISE_FG.wav,1.0
TCD-VOIP,C_17_NOISE_MK.wav,1.22691917
TCD-VOIP,C_17_NOISE_ML.wav,1.33306384
TCD-VOIP,C_18_NOISE_FA.wav,1.80484509
TCD-VOIP,C_18_NOISE_FG.wav,1.68307495
TCD-VOIP,C_18_NOISE_MK.wav,1.0929482
TCD-VOIP,C_18_NOISE_ML.wav,1.72554398
TCD-VOIP,C_19_NOISE_FA.wav,1.103338
TCD-VOIP,C_19_NOISE_FG.wav,1.0
TCD-VOIP,C_19_NOISE_MK.wav,1.0
TCD-VOIP,C_19_NOISE_ML.wav,1.03089905
TCD-VOIP,C_20_NOISE_FA.wav,1.75031257
TCD-VOIP,C_20_NOISE_FG.wav,1.31581831
TCD-VOIP,C_20_NOISE_MK.wav,1.64545107
TCD-VOIP,C_20_NOISE_ML.wav,1.67890143
TCD-VOIP,C_21_NOISE_FA.wav,4.05891562
TCD-VOIP,C_21_NOISE_FG.wav,4.34320164
TCD-VOIP,C_21_NOISE_MK.wav,4.11908293
TCD-VOIP,C_21_NOISE_ML.wav,4.28383255
TCD-VOIP,C_22_NOISE_FA.wav,3.81409431
TCD-VOIP,C_22_NOISE_FG.wav,3.54944181
TCD-VOIP,C_22_NOISE_MK.wav,4.09031248
TCD-VOIP,C_22_NOISE_ML.wav,4.04833889
TCD-VOIP,C_23_NOISE_FA.wav,2.69552088
TCD-VOIP,C_23_NOISE_FG.wav,3.08187914
TCD-VOIP,C_23_NOISE_MK.wav,3.46836185
TCD-VOIP,C_23_NOISE_ML.wav,2.92763495
TCD-VOIP,C_24_NOISE_FA.wav,1.5304594
TCD-VOIP,C_24_NOISE_FG.wav,1.70641661
TCD-VOIP,C_24_NOISE_MK.wav,1.66934204
TCD-VOIP,C_24_NOISE_ML.wav,2.29213166
P23_EXP1,AE1F5901.wav,3.45722747
P23_EXP1,AE1F5A02.wav,3.21895504
P23_EXP1,AE1F5A02.wav,3.21895504
P23_EXP1,AE1F5B03.wav,2.44417429
P23_EXP1,AE1F5B03.wav,2.44417429
P23_EXP1,AE1F5B03.wav,2.44417429
P23_EXP1,AE1F5C04.wav,3.4015727
P23_EXP1,AE1F5D05.wav,2.46089625
P23_EXP1,AE1F5E06.wav,3.36154556
P23_EXP1,AE1F5F07.wav,3.45067
P23_EXP1,AE1F6008.wav,3.37741351
P23_EXP1,AE1F6109.wav,3.29819393
P23_EXP1,AE1F6210.wav,2.79351592
P23_EXP1,AE1F6311.wav,3.55217981
P23_EXP1,AE1F6311.wav,3.55217981
P23_EXP1,AE1F6412.wav,2.96759129
P23_EXP1,AE1F6412.wav,2.96759129
P23_EXP1,AE1F6513.wav,3.36104131
P23_EXP1,AE1F6513.wav,3.36104131
P23_EXP1,AE1F6614.wav,2.995085
P23_EXP1,AE1F6614.wav,2.995085
P23_EXP1,AE1F6715.wav,2.39587307
P23_EXP1,AE1F6715.wav,2.39587307
P23_EXP1,AE1F6816.wav,3.39745927
P23_EXP1,AE1F6816.wav,3.39745927
P23_EXP1,AE1F6917.wav,3.37921596
P23_EXP1,AE1F6917.wav,3.37921596
P23_EXP1,AE1F6A18.wav,3.37277436
P23_EXP1,AE1F6A18.wav,3.37277436
P23_EXP1,AE1F6B19.wav,2.81664944
P23_EXP1,AE1F6B19.wav,2.81664944
P23_EXP1,AE1F6C20.wav,2.29294491
P23_EXP1,AE1F6C20.wav,2.29294491
P23_EXP1,AE1F6D21.wav,2.87496281
P23_EXP1,AE1F6D21.wav,2.87496281
P23_EXP1,AE1F6D21.wav,2.87496281
P23_EXP1,AE1F6E22.wav,1.97385001
P23_EXP1,AE1F6E22.wav,1.97385001
P23_EXP1,AE1F6E22.wav,1.97385001
P23_EXP1,AE1F6F23.wav,1.9409318
P23_EXP1,AE1F6F23.wav,1.9409318
P23_EXP1,AE1F6F23.wav,1.9409318
P23_EXP1,AE1F7024.wav,3.05552483
P23_EXP1,AE1F7024.wav,3.05552483
P23_EXP1,AE1F7024.wav,3.05552483
P23_EXP1,AE1F7125.wav,3.042588
P23_EXP1,AE1F7125.wav,3.042588
P23_EXP1,AE1F7125.wav,3.042588
P23_EXP1,AE1F7226.wav,2.86581755
P23_EXP1,AE1F7226.wav,2.86581755
P23_EXP1,AE1F7226.wav,2.86581755
P23_EXP1,AE1F7327.wav,2.47207999
P23_EXP1,AE1F7327.wav,2.47207999
P23_EXP1,AE1F7327.wav,2.47207999
P23_EXP1,AE1F7428.wav,2.4522295
P23_EXP1,AE1F7428.wav,2.4522295
P23_EXP1,AE1F7428.wav,2.4522295
P23_EXP1,AE1F7529.wav,2.78694129
P23_EXP1,AE1F7529.wav,2.78694129
P23_EXP1,AE1F7529.wav,2.78694129
P23_EXP1,AE1F7630.wav,2.97446418
P23_EXP1,AE1F7630.wav,2.97446418
P23_EXP1,AE1F7630.wav,2.97446418
P23_EXP1,AE1F7731.wav,2.79672813
P23_EXP1,AE1F7731.wav,2.79672813
P23_EXP1,AE1F7832.wav,2.5349853
P23_EXP1,AE1F7832.wav,2.5349853
P23_EXP1,AE1F7933.wav,2.68833041
P23_EXP1,AE1F7933.wav,2.68833041
P23_EXP1,AE1F7A34.wav,2.61765742
P23_EXP1,AE1F7A34.wav,2.61765742
P23_EXP1,AE1F7A34.wav,2.61765742
P23_EXP1,AE1F7B35.wav,1.94277287
P23_EXP1,AE1F7B35.wav,1.94277287
P23_EXP1,AE1F7B35.wav,1.94277287
P23_EXP1,AE1F7C36.wav,2.59905362
P23_EXP1,AE1F7C36.wav,2.59905362
P23_EXP1,AE1F7C36.wav,2.59905362
P23_EXP1,AE1F7D37.wav,1.80173373
P23_EXP1,AE1F7E38.wav,1.46974063
P23_EXP1,AE1F7F39.wav,2.0377059
P23_EXP1,AE1F8040.wav,2.9705267
P23_EXP1,AE1F8141.wav,3.3934381
P23_EXP1,AE1F8242.wav,3.54886246
P23_EXP1,AE1F8343.wav,3.53433132
P23_EXP1,AE1F8444.wav,3.67369246
P23_EXP1,AE1F8501.wav,3.59511876
P23_EXP1,AE1F8602.wav,3.11583376
P23_EXP1,AE1F8602.wav,3.11583376
P23_EXP1,AE1F8703.wav,2.41463995
P23_EXP1,AE1F8703.wav,2.41463995
P23_EXP1,AE1F8703.wav,2.41463995
P23_EXP1,AE1F8804.wav,3.52476335
P23_EXP1,AE1F8905.wav,2.88644052
P23_EXP1,AE1F8A06.wav,3.24407983
P23_EXP1,AE1F8B07.wav,3.92404771
P23_EXP1,AE1F8C08.wav,3.41763806
P23_EXP1,AE1F8D09.wav,2.83475542
P23_EXP1,AE1F8E10.wav,3.03835011
P23_EXP1,AE1F8F11.wav,3.65196013
P23_EXP1,AE1F8F11.wav,3.65196013
P23_EXP1,AE1F9012.wav,3.35094976
P23_EXP1,AE1F9012.wav,3.35094976
P23_EXP1,AE1F9113.wav,3.28687716
P23_EXP1,AE1F9113.wav,3.28687716
P23_EXP1,AE1F9214.wav,2.9664433
P23_EXP1,AE1F9214.wav,2.9664433
P23_EXP1,AE1F9315.wav,2.52358913
P23_EXP1,AE1F9315.wav,2.52358913
P23_EXP1,AE1F9416.wav,3.58573318
P23_EXP1,AE1F9416.wav,3.58573318
P23_EXP1,AE1F9517.wav,3.38657594
P23_EXP1,AE1F9517.wav,3.38657594
P23_EXP1,AE1F9618.wav,3.32592583
P23_EXP1,AE1F9618.wav,3.32592583
P23_EXP1,AE1F9719.wav,2.561625
P23_EXP1,AE1F9719.wav,2.561625
P23_EXP1,AE1F9820.wav,2.26621723
P23_EXP1,AE1F9820.wav,2.26621723
P23_EXP1,AE1F9921.wav,2.77653861
P23_EXP1,AE1F9921.wav,2.77653861
P23_EXP1,AE1F9921.wav,2.77653861
P23_EXP1,AE1F9A22.wav,2.38938642
P23_EXP1,AE1F9A22.wav,2.38938642
P23_EXP1,AE1F9A22.wav,2.38938642
P23_EXP1,AE1F9B23.wav,2.06516957
P23_EXP1,AE1F9B23.wav,2.06516957
P23_EXP1,AE1F9B23.wav,2.06516957
P23_EXP1,AE1F9C24.wav,3.03389335
P23_EXP1,AE1F9C24.wav,3.03389335
P23_EXP1,AE1F9C24.wav,3.03389335
P23_EXP1,AE1F9D25.wav,3.18107152
P23_EXP1,AE1F9D25.wav,3.18107152
P23_EXP1,AE1F9D25.wav,3.18107152
P23_EXP1,AE1F9E26.wav,2.50422788
P23_EXP1,AE1F9E26.wav,2.50422788
P23_EXP1,AE1F9E26.wav,2.50422788
P23_EXP1,AE1F9F27.wav,2.69331932
P23_EXP1,AE1F9F27.wav,2.69331932
P23_EXP1,AE1F9F27.wav,2.69331932
P23_EXP1,AE1FA028.wav,1.68334103
P23_EXP1,AE1FA028.wav,1.68334103
P23_EXP1,AE1FA028.wav,1.68334103
P23_EXP1,AE1FA129.wav,2.837708
P23_EXP1,AE1FA129.wav,2.837708
P23_EXP1,AE1FA129.wav,2.837708
P23_EXP1,AE1FA230.wav,3.15948939
P23_EXP1,AE1FA230.wav,3.15948939
P23_EXP1,AE1FA230.wav,3.15948939
P23_EXP1,AE1FA331.wav,3.13713908
P23_EXP1,AE1FA331.wav,3.13713908
P23_EXP1,AE1FA432.wav,1.95945191
P23_EXP1,AE1FA432.wav,1.95945191
P23_EXP1,AE1FA533.wav,2.81369686
P23_EXP1,AE1FA533.wav,2.81369686
P23_EXP1,AE1FA634.wav,2.68536496
P23_EXP1,AE1FA634.wav,2.68536496
P23_EXP1,AE1FA634.wav,2.68536496
P23_EXP1,AE1FA735.wav,1.91991186
P23_EXP1,AE1FA735.wav,1.91991186
P23_EXP1,AE1FA735.wav,1.91991186
P23_EXP1,AE1FA836.wav,2.19337916
P23_EXP1,AE1FA836.wav,2.19337916
P23_EXP1,AE1FA836.wav,2.19337916
P23_EXP1,AE1FA937.wav,1.172539
P23_EXP1,AE1FAA38.wav,1.46882653
P23_EXP1,AE1FAB39.wav,2.41984558
P23_EXP1,AE1FAC40.wav,2.9863131
P23_EXP1,AE1FAD41.wav,3.64301014
P23_EXP1,AE1FAE42.wav,3.91991496
P23_EXP1,AE1FAF43.wav,3.85462141
P23_EXP1,AE1FB044.wav,3.9851892
P23_EXP1,AE1M0101.wav,2.76875806
P23_EXP1,AE1M0202.wav,2.75385356
P23_EXP1,AE1M0202.wav,2.75385356
P23_EXP1,AE1M0303.wav,2.87142229
P23_EXP1,AE1M0303.wav,2.87142229
P23_EXP1,AE1M0303.wav,2.87142229
P23_EXP1,AE1M0404.wav,3.3301487
P23_EXP1,AE1M0505.wav,3.01107526
P23_EXP1,AE1M0606.wav,3.14259362
P23_EXP1,AE1M0707.wav,3.56860781
P23_EXP1,AE1M0808.wav,2.53716326
P23_EXP1,AE1M0909.wav,2.92808557
P23_EXP1,AE1M0A10.wav,3.17026114
P23_EXP1,AE1M0B11.wav,3.50950694
P23_EXP1,AE1M0B11.wav,3.50950694
P23_EXP1,AE1M0C12.wav,2.88522816
P23_EXP1,AE1M0C12.wav,2.88522816
P23_EXP1,AE1M0D13.wav,2.78395224
P23_EXP1,AE1M0D13.wav,2.78395224
P23_EXP1,AE1M0E14.wav,2.83267617
P23_EXP1,AE1M0E14.wav,2.83267617
P23_EXP1,AE1M0F15.wav,2.40114093
P23_EXP1,AE1M0F15.wav,2.40114093
P23_EXP1,AE1M1016.wav,3.15891862
P23_EXP1,AE1M1016.wav,3.15891862
P23_EXP1,AE1M1117.wav,3.2341814
P23_EXP1,AE1M1117.wav,3.2341814
P23_EXP1,AE1M1218.wav,3.07302141
P23_EXP1,AE1M1218.wav,3.07302141
P23_EXP1,AE1M1319.wav,2.59967804
P23_EXP1,AE1M1319.wav,2.59967804
P23_EXP1,AE1M1420.wav,1.85775328
P23_EXP1,AE1M1420.wav,1.85775328
P23_EXP1,AE1M1521.wav,2.81885958
P23_EXP1,AE1M1521.wav,2.81885958
P23_EXP1,AE1M1521.wav,2.81885958
P23_EXP1,AE1M1622.wav,2.03827882
P23_EXP1,AE1M1622.wav,2.03827882
P23_EXP1,AE1M1622.wav,2.03827882
P23_EXP1,AE1M1723.wav,1.62270164
P23_EXP1,AE1M1723.wav,1.62270164
P23_EXP1,AE1M1723.wav,1.62270164
P23_EXP1,AE1M1824.wav,2.92629385
P23_EXP1,AE1M1824.wav,2.92629385
P23_EXP1,AE1M1824.wav,2.92629385
P23_EXP1,AE1M1925.wav,2.86318254
P23_EXP1,AE1M1925.wav,2.86318254
P23_EXP1,AE1M1925.wav,2.86318254
P23_EXP1,AE1M1A26.wav,2.59649158
P23_EXP1,AE1M1A26.wav,2.59649158
P23_EXP1,AE1M1A26.wav,2.59649158
P23_EXP1,AE1M1B27.wav,2.13461947
P23_EXP1,AE1M1B27.wav,2.13461947
P23_EXP1,AE1M1B27.wav,2.13461947
P23_EXP1,AE1M1C28.wav,1.71717978
P23_EXP1,AE1M1C28.wav,1.71717978
P23_EXP1,AE1M1C28.wav,1.71717978
P23_EXP1,AE1M1D29.wav,3.1224041
P23_EXP1,AE1M1D29.wav,3.1224041
P23_EXP1,AE1M1D29.wav,3.1224041
P23_EXP1,AE1M1E30.wav,2.98795676
P23_EXP1,AE1M1E30.wav,2.98795676
P23_EXP1,AE1M1E30.wav,2.98795676
P23_EXP1,AE1M1F31.wav,2.95360947
P23_EXP1,AE1M1F31.wav,2.95360947
P23_EXP1,AE1M2032.wav,2.53700018
P23_EXP1,AE1M2032.wav,2.53700018
P23_EXP1,AE1M2133.wav,2.19258094
P23_EXP1,AE1M2133.wav,2.19258094
P23_EXP1,AE1M2234.wav,2.27771211
P23_EXP1,AE1M2234.wav,2.27771211
P23_EXP1,AE1M2234.wav,2.27771211
P23_EXP1,AE1M2335.wav,1.75737
P23_EXP1,AE1M2335.wav,1.75737
P23_EXP1,AE1M2335.wav,1.75737
P23_EXP1,AE1M2436.wav,2.11214256
P23_EXP1,AE1M2436.wav,2.11214256
P23_EXP1,AE1M2436.wav,2.11214256
P23_EXP1,AE1M2537.wav,1.32826591
P23_EXP1,AE1M2638.wav,2.18685603
P23_EXP1,AE1M2739.wav,2.54709172
P23_EXP1,AE1M2840.wav,3.22608757
P23_EXP1,AE1M2941.wav,3.28260064
P23_EXP1,AE1M2A42.wav,3.31854224
P23_EXP1,AE1M2B43.wav,3.50135946
P23_EXP1,AE1M2C44.wav,3.63015056
P23_EXP1,AE1M2D01.wav,3.05885506
P23_EXP1,AE1M2E02.wav,3.2662735
P23_EXP1,AE1M2E02.wav,3.2662735
P23_EXP1,AE1M2F03.wav,2.02481842
P23_EXP1,AE1M2F03.wav,2.02481842
P23_EXP1,AE1M2F03.wav,2.02481842
P23_EXP1,AE1M3004.wav,3.35456967
P23_EXP1,AE1M3105.wav,2.4718976
P23_EXP1,AE1M3206.wav,2.98718429
P23_EXP1,AE1M3307.wav,3.38006568
P23_EXP1,AE1M3408.wav,2.33747602
P23_EXP1,AE1M3509.wav,3.05473518
P23_EXP1,AE1M3610.wav,2.33940721
P23_EXP1,AE1M3711.wav,3.44069648
P23_EXP1,AE1M3711.wav,3.44069648
P23_EXP1,AE1M3812.wav,2.91355014
P23_EXP1,AE1M3812.wav,2.91355014
P23_EXP1,AE1M3913.wav,2.57257056
P23_EXP1,AE1M3913.wav,2.57257056
P23_EXP1,AE1M3A14.wav,2.62124515
P23_EXP1,AE1M3A14.wav,2.62124515
P23_EXP1,AE1M3B15.wav,1.92443728
P23_EXP1,AE1M3B15.wav,1.92443728
P23_EXP1,AE1M3C16.wav,3.27329016
P23_EXP1,AE1M3C16.wav,3.27329016
P23_EXP1,AE1M3D17.wav,2.72312832
P23_EXP1,AE1M3D17.wav,2.72312832
P23_EXP1,AE1M3E18.wav,2.61673474
P23_EXP1,AE1M3E18.wav,2.61673474
P23_EXP1,AE1M3F19.wav,2.88824511
P23_EXP1,AE1M3F19.wav,2.88824511
P23_EXP1,AE1M4020.wav,2.22236204
P23_EXP1,AE1M4020.wav,2.22236204
P23_EXP1,AE1M4121.wav,2.11783743
P23_EXP1,AE1M4121.wav,2.11783743
P23_EXP1,AE1M4121.wav,2.11783743
P23_EXP1,AE1M4222.wav,1.63060451
P23_EXP1,AE1M4222.wav,1.63060451
P23_EXP1,AE1M4222.wav,1.63060451
P23_EXP1,AE1M4323.wav,1.33492208
P23_EXP1,AE1M4323.wav,1.33492208
P23_EXP1,AE1M4323.wav,1.33492208
P23_EXP1,AE1M4424.wav,2.97414875
P23_EXP1,AE1M4424.wav,2.97414875
P23_EXP1,AE1M4424.wav,2.97414875
P23_EXP1,AE1M4525.wav,2.39383888
P23_EXP1,AE1M4525.wav,2.39383888
P23_EXP1,AE1M4525.wav,2.39383888
P23_EXP1,AE1M4626.wav,2.8738234
P23_EXP1,AE1M4626.wav,2.8738234
P23_EXP1,AE1M4626.wav,2.8738234
P23_EXP1,AE1M4727.wav,2.80534554
P23_EXP1,AE1M4727.wav,2.80534554
P23_EXP1,AE1M4727.wav,2.80534554
P23_EXP1,AE1M4828.wav,1.95664525
P23_EXP1,AE1M4828.wav,1.95664525
P23_EXP1,AE1M4828.wav,1.95664525
P23_EXP1,AE1M4929.wav,2.97320032
P23_EXP1,AE1M4929.wav,2.97320032
P23_EXP1,AE1M4929.wav,2.97320032
P23_EXP1,AE1M4A30.wav,2.27722502
P23_EXP1,AE1M4A30.wav,2.27722502
P23_EXP1,AE1M4A30.wav,2.27722502
P23_EXP1,AE1M4B31.wav,2.58640432
P23_EXP1,AE1M4B31.wav,2.58640432
P23_EXP1,AE1M4C32.wav,1.91131377
P23_EXP1,AE1M4C32.wav,1.91131377
P23_EXP1,AE1M4D33.wav,2.12673807
P23_EXP1,AE1M4D33.wav,2.12673807
P23_EXP1,AE1M4E34.wav,2.32760978
P23_EXP1,AE1M4E34.wav,2.32760978
P23_EXP1,AE1M4E34.wav,2.32760978
P23_EXP1,AE1M4F35.wav,1.67198348
P23_EXP1,AE1M4F35.wav,1.67198348
P23_EXP1,AE1M4F35.wav,1.67198348
P23_EXP1,AE1M5036.wav,1.98676109
P23_EXP1,AE1M5036.wav,1.98676109
P23_EXP1,AE1M5036.wav,1.98676109
P23_EXP1,AE1M5137.wav,1.81886125
P23_EXP1,AE1M5238.wav,2.14632249
P23_EXP1,AE1M5339.wav,2.40372872
P23_EXP1,AE1M5440.wav,2.70594072
P23_EXP1,AE1M5541.wav,3.0328548
P23_EXP1,AE1M5642.wav,2.88459516
P23_EXP1,AE1M5743.wav,3.33740139
P23_EXP1,AE1M5844.wav,2.54212642
P23_EXP1,OE1F5901.wav,3.02614713
P23_EXP1,OE1F5A02.wav,2.59196401
P23_EXP1,OE1F5A02.wav,2.59196401
P23_EXP1,OE1F5B03.wav,2.2802248
P23_EXP1,OE1F5B03.wav,2.2802248
P23_EXP1,OE1F5B03.wav,2.2802248
P23_EXP1,OE1F5C04.wav,3.03892732
P23_EXP1,OE1F5D05.wav,2.84081507
P23_EXP1,OE1F5E06.wav,3.0468173
P23_EXP1,OE1F5F07.wav,3.42949986
P23_EXP1,OE1F6008.wav,3.2495451
P23_EXP1,OE1F6109.wav,3.0396955
P23_EXP1,OE1F6210.wav,2.28437901
P23_EXP1,OE1F6311.wav,3.15989065
P23_EXP1,OE1F6311.wav,3.15989065
P23_EXP1,OE1F6412.wav,2.60863876
P23_EXP1,OE1F6412.wav,2.60863876
P23_EXP1,OE1F6513.wav,2.74290371
P23_EXP1,OE1F6513.wav,2.74290371
P23_EXP1,OE1F6614.wav,2.0927341
P23_EXP1,OE1F6614.wav,2.0927341
P23_EXP1,OE1F6715.wav,1.68952513
P23_EXP1,OE1F6715.wav,1.68952513
P23_EXP1,OE1F6816.wav,2.70879459
P23_EXP1,OE1F6816.wav,2.70879459
P23_EXP1,OE1F6917.wav,3.19310498
P23_EXP1,OE1F6917.wav,3.19310498
P23_EXP1,OE1F6A18.wav,2.80874443
P23_EXP1,OE1F6A18.wav,2.80874443
P23_EXP1,OE1F6B19.wav,2.93062186
P23_EXP1,OE1F6B19.wav,2.93062186
P23_EXP1,OE1F6C20.wav,1.90612102
P23_EXP1,OE1F6C20.wav,1.90612102
P23_EXP1,OE1F6D21.wav,2.44057798
P23_EXP1,OE1F6D21.wav,2.44057798
P23_EXP1,OE1F6D21.wav,2.44057798
P23_EXP1,OE1F6E22.wav,2.30646539
P23_EXP1,OE1F6E22.wav,2.30646539
P23_EXP1,OE1F6E22.wav,2.30646539
P23_EXP1,OE1F6F23.wav,1.44355583
P23_EXP1,OE1F6F23.wav,1.44355583
P23_EXP1,OE1F6F23.wav,1.44355583
P23_EXP1,OE1F7024.wav,2.96234918
P23_EXP1,OE1F7024.wav,2.96234918
P23_EXP1,OE1F7024.wav,2.96234918
P23_EXP1,OE1F7125.wav,2.85074353
P23_EXP1,OE1F7125.wav,2.85074353
P23_EXP1,OE1F7125.wav,2.85074353
P23_EXP1,OE1F7226.wav,2.3247323
P23_EXP1,OE1F7226.wav,2.3247323
P23_EXP1,OE1F7226.wav,2.3247323
P23_EXP1,OE1F7327.wav,2.25093722
P23_EXP1,OE1F7327.wav,2.25093722
P23_EXP1,OE1F7327.wav,2.25093722
P23_EXP1,OE1F7428.wav,1.66058731
P23_EXP1,OE1F7428.wav,1.66058731
P23_EXP1,OE1F7428.wav,1.66058731
P23_EXP1,OE1F7529.wav,2.78419471
P23_EXP1,OE1F7529.wav,2.78419471
P23_EXP1,OE1F7529.wav,2.78419471
P23_EXP1,OE1F7630.wav,3.08484674
P23_EXP1,OE1F7630.wav,3.08484674
P23_EXP1,OE1F7630.wav,3.08484674
P23_EXP1,OE1F7731.wav,2.9136703
P23_EXP1,OE1F7731.wav,2.9136703
P23_EXP1,OE1F7832.wav,1.61356497
P23_EXP1,OE1F7832.wav,1.61356497
P23_EXP1,OE1F7933.wav,1.9913938
P23_EXP1,OE1F7933.wav,1.9913938
P23_EXP1,OE1F7A34.wav,1.90515971
P23_EXP1,OE1F7A34.wav,1.90515971
P23_EXP1,OE1F7A34.wav,1.90515971
P23_EXP1,OE1F7B35.wav,1.11781979
P23_EXP1,OE1F7B35.wav,1.11781979
P23_EXP1,OE1F7B35.wav,1.11781979
P23_EXP1,OE1F7C36.wav,1.49559712
P23_EXP1,OE1F7C36.wav,1.49559712
P23_EXP1,OE1F7C36.wav,1.49559712
P23_EXP1,OE1F7D37.wav,1.58620858
P23_EXP1,OE1F7E38.wav,2.43954372
P23_EXP1,OE1F7F39.wav,2.88743615
P23_EXP1,OE1F8040.wav,3.24035048
P23_EXP1,OE1F8141.wav,3.40189242
P23_EXP1,OE1F8242.wav,3.45900631
P23_EXP1,OE1F8343.wav,3.62260818
P23_EXP1,OE1F8444.wav,3.60308814
P23_EXP1,OE1F8501.wav,3.34540081
P23_EXP1,OE1F8602.wav,2.92002177
P23_EXP1,OE1F8602.wav,2.92002177
P23_EXP1,OE1F8703.wav,1.79563761
P23_EXP1,OE1F8703.wav,1.79563761
P23_EXP1,OE1F8703.wav,1.79563761
P23_EXP1,OE1F8804.wav,3.41858006
P23_EXP1,OE1F8905.wav,2.84077001
P23_EXP1,OE1F8A06.wav,3.0198493
P23_EXP1,OE1F8B07.wav,3.1546936
P23_EXP1,OE1F8C08.wav,3.16831708
P23_EXP1,OE1F8D09.wav,3.35658669
P23_EXP1,OE1F8E10.wav,1.88272786
P23_EXP1,OE1F8F11.wav,3.23873472
P23_EXP1,OE1F8F11.wav,3.23873472
P23_EXP1,OE1F9012.wav,2.40952015
P23_EXP1,OE1F9012.wav,2.40952015
P23_EXP1,OE1F9113.wav,2.14964199
P23_EXP1,OE1F9113.wav,2.14964199
P23_EXP1,OE1F9214.wav,2.26223683
P23_EXP1,OE1F9214.wav,2.26223683
P23_EXP1,OE1F9315.wav,1.59953165
P23_EXP1,OE1F9315.wav,1.59953165
P23_EXP1,OE1F9416.wav,2.81777167
P23_EXP1,OE1F9416.wav,2.81777167
P23_EXP1,OE1F9517.wav,2.97421098
P23_EXP1,OE1F9517.wav,2.97421098
P23_EXP1,OE1F9618.wav,2.78875017
P23_EXP1,OE1F9618.wav,2.78875017
P23_EXP1,OE1F9719.wav,3.16195488
P23_EXP1,OE1F9719.wav,3.16195488
P23_EXP1,OE1F9820.wav,1.67821908
P23_EXP1,OE1F9820.wav,1.67821908
P23_EXP1,OE1F9921.wav,1.84530139
P23_EXP1,OE1F9921.wav,1.84530139
P23_EXP1,OE1F9921.wav,1.84530139
P23_EXP1,OE1F9A22.wav,1.57645392
P23_EXP1,OE1F9A22.wav,1.57645392
P23_EXP1,OE1F9A22.wav,1.57645392
P23_EXP1,OE1F9B23.wav,1.2584362
P23_EXP1,OE1F9B23.wav,1.2584362
P23_EXP1,OE1F9B23.wav,1.2584362
P23_EXP1,OE1F9C24.wav,2.52754807
P23_EXP1,OE1F9C24.wav,2.52754807
P23_EXP1,OE1F9C24.wav,2.52754807
P23_EXP1,OE1F9D25.wav,2.64801145
P23_EXP1,OE1F9D25.wav,2.64801145
P23_EXP1,OE1F9D25.wav,2.64801145
P23_EXP1,OE1F9E26.wav,2.79216194
P23_EXP1,OE1F9E26.wav,2.79216194
P23_EXP1,OE1F9E26.wav,2.79216194
P23_EXP1,OE1F9F27.wav,1.77048922
P23_EXP1,OE1F9F27.wav,1.77048922
P23_EXP1,OE1F9F27.wav,1.77048922
P23_EXP1,OE1FA028.wav,1.25158477
P23_EXP1,OE1FA028.wav,1.25158477
P23_EXP1,OE1FA028.wav,1.25158477
P23_EXP1,OE1FA129.wav,2.9388895
P23_EXP1,OE1FA129.wav,2.9388895
P23_EXP1,OE1FA129.wav,2.9388895
P23_EXP1,OE1FA230.wav,3.29707813
P23_EXP1,OE1FA230.wav,3.29707813
P23_EXP1,OE1FA230.wav,3.29707813
P23_EXP1,OE1FA331.wav,3.17365575
P23_EXP1,OE1FA331.wav,3.17365575
P23_EXP1,OE1FA432.wav,2.10248232
P23_EXP1,OE1FA432.wav,2.10248232
P23_EXP1,OE1FA533.wav,2.53930902
P23_EXP1,OE1FA533.wav,2.53930902
P23_EXP1,OE1FA634.wav,2.20262313
P23_EXP1,OE1FA634.wav,2.20262313
P23_EXP1,OE1FA634.wav,2.20262313
P23_EXP1,OE1FA735.wav,1.27952266
P23_EXP1,OE1FA735.wav,1.27952266
P23_EXP1,OE1FA735.wav,1.27952266
P23_EXP1,OE1FA836.wav,1.58791232
P23_EXP1,OE1FA836.wav,1.58791232
P23_EXP1,OE1FA836.wav,1.58791232
P23_EXP1,OE1FA937.wav,1.39199734
P23_EXP1,OE1FAA38.wav,1.84479284
P23_EXP1,OE1FAB39.wav,2.10531259
P23_EXP1,OE1FAC40.wav,3.12556052
P23_EXP1,OE1FAD41.wav,3.16608334
P23_EXP1,OE1FAE42.wav,3.38921523
P23_EXP1,OE1FAF43.wav,3.10374451
P23_EXP1,OE1FB044.wav,3.25311136
P23_EXP1,OE1M0101.wav,3.03594041
P23_EXP1,OE1M0202.wav,3.07831931
P23_EXP1,OE1M0202.wav,3.07831931
P23_EXP1,OE1M0303.wav,2.3731215
P23_EXP1,OE1M0303.wav,2.3731215
P23_EXP1,OE1M0303.wav,2.3731215
P23_EXP1,OE1M0404.wav,2.99940014
P23_EXP1,OE1M0505.wav,2.69244814
P23_EXP1,OE1M0606.wav,2.51766038
P23_EXP1,OE1M0707.wav,3.13043356
P23_EXP1,OE1M0808.wav,2.64384437
P23_EXP1,OE1M0909.wav,2.83378983
P23_EXP1,OE1M0A10.wav,1.94710517
P23_EXP1,OE1M0B11.wav,2.68348312
P23_EXP1,OE1M0B11.wav,2.68348312
P23_EXP1,OE1M0C12.wav,2.66173792
P23_EXP1,OE1M0C12.wav,2.66173792
P23_EXP1,OE1M0D13.wav,2.64220285
P23_EXP1,OE1M0D13.wav,2.64220285
P23_EXP1,OE1M0E14.wav,2.71351099
P23_EXP1,OE1M0E14.wav,2.71351099
P23_EXP1,OE1M0F15.wav,2.15436482
P23_EXP1,OE1M0F15.wav,2.15436482
P23_EXP1,OE1M1016.wav,2.76306748
P23_EXP1,OE1M1016.wav,2.76306748
P23_EXP1,OE1M1117.wav,2.66854858
P23_EXP1,OE1M1117.wav,2.66854858
P23_EXP1,OE1M1218.wav,3.14698172
P23_EXP1,OE1M1218.wav,3.14698172
P23_EXP1,OE1M1319.wav,2.37447119
P23_EXP1,OE1M1319.wav,2.37447119
P23_EXP1,OE1M1420.wav,1.85810304
P23_EXP1,OE1M1420.wav,1.85810304
P23_EXP1,OE1M1521.wav,2.24940944
P23_EXP1,OE1M1521.wav,2.24940944
P23_EXP1,OE1M1521.wav,2.24940944
P23_EXP1,OE1M1622.wav,2.1581521
P23_EXP1,OE1M1622.wav,2.1581521
P23_EXP1,OE1M1622.wav,2.1581521
P23_EXP1,OE1M1723.wav,1.56887078
P23_EXP1,OE1M1723.wav,1.56887078
P23_EXP1,OE1M1723.wav,1.56887078
P23_EXP1,OE1M1824.wav,2.12218904
P23_EXP1,OE1M1824.wav,2.12218904
P23_EXP1,OE1M1824.wav,2.12218904
P23_EXP1,OE1M1925.wav,2.48077035
P23_EXP1,OE1M1925.wav,2.48077035
P23_EXP1,OE1M1925.wav,2.48077035
P23_EXP1,OE1M1A26.wav,2.44477081
P23_EXP1,OE1M1A26.wav,2.44477081
P23_EXP1,OE1M1A26.wav,2.44477081
P23_EXP1,OE1M1B27.wav,2.35003948
P23_EXP1,OE1M1B27.wav,2.35003948
P23_EXP1,OE1M1B27.wav,2.35003948
P23_EXP1,OE1M1C28.wav,1.8400743
P23_EXP1,OE1M1C28.wav,1.8400743
P23_EXP1,OE1M1C28.wav,1.8400743
P23_EXP1,OE1M1D29.wav,2.95005608
P23_EXP1,OE1M1D29.wav,2.95005608
P23_EXP1,OE1M1D29.wav,2.95005608
P23_EXP1,OE1M1E30.wav,2.42002797
P23_EXP1,OE1M1E30.wav,2.42002797
P23_EXP1,OE1M1E30.wav,2.42002797
P23_EXP1,OE1M1F31.wav,3.02934432
P23_EXP1,OE1M1F31.wav,3.02934432
P23_EXP1,OE1M2032.wav,2.07519674
P23_EXP1,OE1M2032.wav,2.07519674
P23_EXP1,OE1M2133.wav,2.06313324
P23_EXP1,OE1M2133.wav,2.06313324
P23_EXP1,OE1M2234.wav,2.43966603
P23_EXP1,OE1M2234.wav,2.43966603
P23_EXP1,OE1M2234.wav,2.43966603
P23_EXP1,OE1M2335.wav,1.74087548
P23_EXP1,OE1M2335.wav,1.74087548
P23_EXP1,OE1M2335.wav,1.74087548
P23_EXP1,OE1M2436.wav,1.7972877
P23_EXP1,OE1M2436.wav,1.7972877
P23_EXP1,OE1M2436.wav,1.7972877
P23_EXP1,OE1M2537.wav,1.58681583
P23_EXP1,OE1M2638.wav,2.08944249
P23_EXP1,OE1M2739.wav,2.99735093
P23_EXP1,OE1M2840.wav,3.26689792
P23_EXP1,OE1M2941.wav,3.20517492
P23_EXP1,OE1M2A42.wav,3.37573123
P23_EXP1,OE1M2B43.wav,3.40618396
P23_EXP1,OE1M2C44.wav,3.19103432
P23_EXP1,OE1M2D01.wav,3.01044011
P23_EXP1,OE1M2E02.wav,2.59614396
P23_EXP1,OE1M2E02.wav,2.59614396
P23_EXP1,OE1M2F03.wav,1.79646587
P23_EXP1,OE1M2F03.wav,1.79646587
P23_EXP1,OE1M2F03.wav,1.79646587
P23_EXP1,OE1M3004.wav,2.66728687
P23_EXP1,OE1M3105.wav,2.6677804
P23_EXP1,OE1M3206.wav,3.00948739
P23_EXP1,OE1M3307.wav,3.329638
P23_EXP1,OE1M3408.wav,2.77100682
P23_EXP1,OE1M3509.wav,2.44050717
P23_EXP1,OE1M3610.wav,2.0385921
P23_EXP1,OE1M3711.wav,3.28114581
P23_EXP1,OE1M3711.wav,3.28114581
P23_EXP1,OE1M3812.wav,3.01495051
P23_EXP1,OE1M3812.wav,3.01495051
P23_EXP1,OE1M3913.wav,2.17255878
P23_EXP1,OE1M3913.wav,2.17255878
P23_EXP1,OE1M3A14.wav,2.42325091
P23_EXP1,OE1M3A14.wav,2.42325091
P23_EXP1,OE1M3B15.wav,2.36536884
P23_EXP1,OE1M3B15.wav,2.36536884
P23_EXP1,OE1M3C16.wav,3.33754516
P23_EXP1,OE1M3C16.wav,3.33754516
P23_EXP1,OE1M3D17.wav,2.9224422
P23_EXP1,OE1M3D17.wav,2.9224422
P23_EXP1,OE1M3E18.wav,3.07755542
P23_EXP1,OE1M3E18.wav,3.07755542
P23_EXP1,OE1M3F19.wav,2.74302173
P23_EXP1,OE1M3F19.wav,2.74302173
P23_EXP1,OE1M4020.wav,2.45743084
P23_EXP1,OE1M4020.wav,2.45743084
P23_EXP1,OE1M4121.wav,1.72326517
P23_EXP1,OE1M4121.wav,1.72326517
P23_EXP1,OE1M4121.wav,1.72326517
P23_EXP1,OE1M4222.wav,1.71435165
P23_EXP1,OE1M4222.wav,1.71435165
P23_EXP1,OE1M4222.wav,1.71435165
P23_EXP1,OE1M4323.wav,1.54059601
P23_EXP1,OE1M4323.wav,1.54059601
P23_EXP1,OE1M4323.wav,1.54059601
P23_EXP1,OE1M4424.wav,2.71376634
P23_EXP1,OE1M4424.wav,2.71376634
P23_EXP1,OE1M4424.wav,2.71376634
P23_EXP1,OE1M4525.wav,1.77261782
P23_EXP1,OE1M4525.wav,1.77261782
P23_EXP1,OE1M4525.wav,1.77261782
P23_EXP1,OE1M4626.wav,2.35139561
P23_EXP1,OE1M4626.wav,2.35139561
P23_EXP1,OE1M4626.wav,2.35139561
P23_EXP1,OE1M4727.wav,2.13020778
P23_EXP1,OE1M4727.wav,2.13020778
P23_EXP1,OE1M4727.wav,2.13020778
P23_EXP1,OE1M4828.wav,1.81532717
P23_EXP1,OE1M4828.wav,1.81532717
P23_EXP1,OE1M4828.wav,1.81532717
P23_EXP1,OE1M4929.wav,2.84693694
P23_EXP1,OE1M4929.wav,2.84693694
P23_EXP1,OE1M4929.wav,2.84693694
P23_EXP1,OE1M4A30.wav,2.60617971
P23_EXP1,OE1M4A30.wav,2.60617971
P23_EXP1,OE1M4A30.wav,2.60617971
P23_EXP1,OE1M4B31.wav,2.83979797
P23_EXP1,OE1M4B31.wav,2.83979797
P23_EXP1,OE1M4C32.wav,2.13360453
P23_EXP1,OE1M4C32.wav,2.13360453
P23_EXP1,OE1M4D33.wav,1.92919016
P23_EXP1,OE1M4D33.wav,1.92919016
P23_EXP1,OE1M4E34.wav,2.18378329
P23_EXP1,OE1M4E34.wav,2.18378329
P23_EXP1,OE1M4E34.wav,2.18378329
P23_EXP1,OE1M4F35.wav,1.57536602
P23_EXP1,OE1M4F35.wav,1.57536602
P23_EXP1,OE1M4F35.wav,1.57536602
P23_EXP1,OE1M5036.wav,1.6940763
P23_EXP1,OE1M5036.wav,1.6940763
P23_EXP1,OE1M5036.wav,1.6940763
P23_EXP1,OE1M5137.wav,1.46584177
P23_EXP1,OE1M5238.wav,1.87800932
P23_EXP1,OE1M5339.wav,2.59835839
P23_EXP1,OE1M5440.wav,2.54981685
P23_EXP1,OE1M5541.wav,3.04023623
P23_EXP1,OE1M5642.wav,3.09429884
P23_EXP1,OE1M5743.wav,3.26751161
P23_EXP1,OE1M5844.wav,3.23306775
P23_EXP1,OE1F5901.wav,3.02614713
P23_EXP1,OE1F8501.wav,3.34540081
P23_EXP1,OE1M0101.wav,3.03594041
P23_EXP1,OE1M2D01.wav,3.01044011
P23_EXP1,OE1F5A02.wav,2.59196401
P23_EXP1,OE1F8602.wav,2.92002177
P23_EXP1,OE1M0202.wav,3.07831931
P23_EXP1,OE1M2E02.wav,2.59614396
P23_EXP1,OE1F5B03.wav,2.2802248
P23_EXP1,OE1F8703.wav,1.79563761
P23_EXP1,OE1M0303.wav,2.3731215
P23_EXP1,OE1M2F03.wav,1.79646587
P23_EXP1,OE1F5C04.wav,3.03892732
P23_EXP1,OE1F8804.wav,3.41858006
P23_EXP1,OE1M0404.wav,2.99940014
P23_EXP1,OE1M3004.wav,2.66728687
P23_EXP1,OE1F5D05.wav,2.84081507
P23_EXP1,OE1F8905.wav,2.84077001
P23_EXP1,OE1M0505.wav,2.69244814
P23_EXP1,OE1M3105.wav,2.6677804
P23_EXP1,OE1F5E06.wav,3.0468173
P23_EXP1,OE1F8A06.wav,3.0198493
P23_EXP1,OE1M0606.wav,2.51766038
P23_EXP1,OE1M3206.wav,3.00948739
P23_EXP1,OE1F5F07.wav,3.42949986
P23_EXP1,OE1F8B07.wav,3.1546936
P23_EXP1,OE1M0707.wav,3.13043356
P23_EXP1,OE1M3307.wav,3.329638
P23_EXP1,OE1F6008.wav,3.2495451
P23_EXP1,OE1F8C08.wav,3.16831708
P23_EXP1,OE1M0808.wav,2.64384437
P23_EXP1,OE1M3408.wav,2.77100682
P23_EXP1,OE1F6109.wav,3.0396955
P23_EXP1,OE1F8D09.wav,3.35658669
P23_EXP1,OE1M0909.wav,2.83378983
P23_EXP1,OE1M3509.wav,2.44050717
P23_EXP1,OE1F6210.wav,2.28437901
P23_EXP1,OE1F8E10.wav,1.88272786
P23_EXP1,OE1M0A10.wav,1.94710517
P23_EXP1,OE1M3610.wav,2.0385921
P23_EXP1,OE1F6311.wav,3.15989065
P23_EXP1,OE1F8F11.wav,3.23873472
P23_EXP1,OE1M0B11.wav,2.68348312
P23_EXP1,OE1M3711.wav,3.28114581
P23_EXP1,OE1F6412.wav,2.60863876
P23_EXP1,OE1F9012.wav,2.40952015
P23_EXP1,OE1M0C12.wav,2.66173792
P23_EXP1,OE1M3812.wav,3.01495051
P23_EXP1,OE1F6513.wav,2.74290371
P23_EXP1,OE1F9113.wav,2.14964199
P23_EXP1,OE1M0D13.wav,2.64220285
P23_EXP1,OE1M3913.wav,2.17255878
P23_EXP1,OE1F6614.wav,2.0927341
P23_EXP1,OE1F9214.wav,2.26223683
P23_EXP1,OE1M0E14.wav,2.71351099
P23_EXP1,OE1M3A14.wav,2.42325091
P23_EXP1,OE1F6715.wav,1.68952513
P23_EXP1,OE1F9315.wav,1.59953165
P23_EXP1,OE1M0F15.wav,2.15436482
P23_EXP1,OE1M3B15.wav,2.36536884
P23_EXP1,OE1F6816.wav,2.70879459
P23_EXP1,OE1F9416.wav,2.81777167
P23_EXP1,OE1M1016.wav,2.76306748
P23_EXP1,OE1M3C16.wav,3.33754516
P23_EXP1,OE1F6917.wav,3.19310498
P23_EXP1,OE1F9517.wav,2.97421098
P23_EXP1,OE1M1117.wav,2.66854858
P23_EXP1,OE1M3D17.wav,2.9224422
P23_EXP1,OE1F6A18.wav,2.80874443
P23_EXP1,OE1F9618.wav,2.78875017
P23_EXP1,OE1M1218.wav,3.14698172
P23_EXP1,OE1M3E18.wav,3.07755542
P23_EXP1,OE1F6B19.wav,2.93062186
P23_EXP1,OE1F9719.wav,3.16195488
P23_EXP1,OE1M1319.wav,2.37447119
P23_EXP1,OE1M3F19.wav,2.74302173
P23_EXP1,OE1F6C20.wav,1.90612102
P23_EXP1,OE1F9820.wav,1.67821908
P23_EXP1,OE1M1420.wav,1.85810304
P23_EXP1,OE1M4020.wav,2.45743084
P23_EXP1,OE1F6D21.wav,2.44057798
P23_EXP1,OE1F9921.wav,1.84530139
P23_EXP1,OE1M1521.wav,2.24940944
P23_EXP1,OE1M4121.wav,1.72326517
P23_EXP1,OE1F6E22.wav,2.30646539
P23_EXP1,OE1F9A22.wav,1.57645392
P23_EXP1,OE1M1622.wav,2.1581521
P23_EXP1,OE1M4222.wav,1.71435165
P23_EXP1,OE1F6F23.wav,1.44355583
P23_EXP1,OE1F9B23.wav,1.2584362
P23_EXP1,OE1M1723.wav,1.56887078
P23_EXP1,OE1M4323.wav,1.54059601
P23_EXP1,OE1F7024.wav,2.96234918
P23_EXP1,OE1F9C24.wav,2.52754807
P23_EXP1,OE1M1824.wav,2.12218904
P23_EXP1,OE1M4424.wav,2.71376634
P23_EXP1,OE1F7125.wav,2.85074353
P23_EXP1,OE1F9D25.wav,2.64801145
P23_EXP1,OE1M1925.wav,2.48077035
P23_EXP1,OE1M4525.wav,1.77261782
P23_EXP1,OE1F7226.wav,2.3247323
P23_EXP1,OE1F9E26.wav,2.79216194
P23_EXP1,OE1M1A26.wav,2.44477081
P23_EXP1,OE1M4626.wav,2.35139561
P23_EXP1,OE1F7327.wav,2.25093722
P23_EXP1,OE1F9F27.wav,1.77048922
P23_EXP1,OE1M1B27.wav,2.35003948
P23_EXP1,OE1M4727.wav,2.13020778
P23_EXP1,OE1F7428.wav,1.66058731
P23_EXP1,OE1FA028.wav,1.25158477
P23_EXP1,OE1M1C28.wav,1.8400743
P23_EXP1,OE1M4828.wav,1.81532717
P23_EXP1,OE1F7529.wav,2.78419471
P23_EXP1,OE1FA129.wav,2.9388895
P23_EXP1,OE1M1D29.wav,2.95005608
P23_EXP1,OE1M4929.wav,2.84693694
P23_EXP1,OE1F7630.wav,3.08484674
P23_EXP1,OE1FA230.wav,3.29707813
P23_EXP1,OE1M1E30.wav,2.42002797
P23_EXP1,OE1M4A30.wav,2.60617971
P23_EXP1,OE1F7731.wav,2.9136703
P23_EXP1,OE1FA331.wav,3.17365575
P23_EXP1,OE1M1F31.wav,3.02934432
P23_EXP1,OE1M4B31.wav,2.83979797
P23_EXP1,OE1F7832.wav,1.61356497
P23_EXP1,OE1FA432.wav,2.10248232
P23_EXP1,OE1M2032.wav,2.07519674
P23_EXP1,OE1M4C32.wav,2.13360453
P23_EXP1,OE1F7933.wav,1.9913938
P23_EXP1,OE1FA533.wav,2.53930902
P23_EXP1,OE1M2133.wav,2.06313324
P23_EXP1,OE1M4D33.wav,1.92919016
P23_EXP1,OE1F7A34.wav,1.90515971
P23_EXP1,OE1FA634.wav,2.20262313
P23_EXP1,OE1M2234.wav,2.43966603
P23_EXP1,OE1M4E34.wav,2.18378329
P23_EXP1,OE1F7B35.wav,1.11781979
P23_EXP1,OE1FA735.wav,1.27952266
P23_EXP1,OE1M2335.wav,1.74087548
P23_EXP1,OE1M4F35.wav,1.57536602
P23_EXP1,OE1F7C36.wav,1.49559712
P23_EXP1,OE1FA836.wav,1.58791232
P23_EXP1,OE1M2436.wav,1.7972877
P23_EXP1,OE1M5036.wav,1.6940763
P23_EXP1,OE1F7D37.wav,1.58620858
P23_EXP1,OE1FA937.wav,1.39199734
P23_EXP1,OE1M2537.wav,1.58681583
P23_EXP1,OE1M5137.wav,1.46584177
P23_EXP1,OE1F7E38.wav,2.43954372
P23_EXP1,OE1FAA38.wav,1.84479284
P23_EXP1,OE1M2638.wav,2.08944249
P23_EXP1,OE1M5238.wav,1.87800932
P23_EXP1,OE1F7F39.wav,2.88743615
P23_EXP1,OE1FAB39.wav,2.10531259
P23_EXP1,OE1M2739.wav,2.99735093
P23_EXP1,OE1M5339.wav,2.59835839
P23_EXP1,OE1F8040.wav,3.24035048
P23_EXP1,OE1FAC40.wav,3.12556052
P23_EXP1,OE1M2840.wav,3.26689792
P23_EXP1,OE1M5440.wav,2.54981685
P23_EXP1,OE1F8141.wav,3.40189242
P23_EXP1,OE1FAD41.wav,3.16608334
P23_EXP1,OE1M2941.wav,3.20517492
P23_EXP1,OE1M5541.wav,3.04023623
P23_EXP1,OE1F8242.wav,3.45900631
P23_EXP1,OE1FAE42.wav,3.38921523
P23_EXP1,OE1M2A42.wav,3.37573123
P23_EXP1,OE1M5642.wav,3.09429884
P23_EXP1,OE1F8343.wav,3.62260818
P23_EXP1,OE1FAF43.wav,3.10374451
P23_EXP1,OE1M2B43.wav,3.40618396
P23_EXP1,OE1M5743.wav,3.26751161
P23_EXP1,OE1F8444.wav,3.60308814
P23_EXP1,OE1FB044.wav,3.25311136
P23_EXP1,OE1M2C44.wav,3.19103432
P23_EXP1,OE1M5844.wav,3.23306775
P23_EXP3,AE3F6501.wav,3.47390652
P23_EXP3,AE3F6602.wav,3.38586998
P23_EXP3,AE3F6703.wav,2.9277401
P23_EXP3,AE3F6804.wav,3.22614765
P23_EXP3,AE3F6905.wav,2.45713687
P23_EXP3,AE3F6A06.wav,2.28901172
P23_EXP3,AE3F6B07.wav,2.10156393
P23_EXP3,AE3F6C08.wav,2.08413172
P23_EXP3,AE3F6D09.wav,2.40568781
P23_EXP3,AE3F6E10.wav,1.57075477
P23_EXP3,AE3F6F11.wav,1.66405916
P23_EXP3,AE3F7012.wav,2.31004024
P23_EXP3,AE3F7113.wav,1.76508832
P23_EXP3,AE3F7214.wav,1.9563899
P23_EXP3,AE3F7315.wav,1.93069434
P23_EXP3,AE3F7416.wav,2.16954398
P23_EXP3,AE3F7517.wav,2.10867071
P23_EXP3,AE3F7618.wav,2.08265114
P23_EXP3,AE3F7719.wav,2.16265607
P23_EXP3,AE3F7820.wav,1.9937284
P23_EXP3,AE3F7921.wav,3.35492373
P23_EXP3,AE3F7A22.wav,2.18634963
P23_EXP3,AE3F7B23.wav,2.56921029
P23_EXP3,AE3F7C24.wav,2.61681199
P23_EXP3,AE3F7D25.wav,3.25119948
P23_EXP3,AE3F7E26.wav,2.59100485
P23_EXP3,AE3F7F27.wav,1.79548955
P23_EXP3,AE3F8028.wav,1.81237245
P23_EXP3,AE3F8129.wav,3.10951662
P23_EXP3,AE3F8230.wav,2.30796957
P23_EXP3,AE3F8331.wav,2.40689158
P23_EXP3,AE3F8432.wav,2.18114829
P23_EXP3,AE3F8533.wav,3.49030232
P23_EXP3,AE3F8634.wav,2.82705426
P23_EXP3,AE3F8735.wav,2.20121336
P23_EXP3,AE3F8836.wav,2.32654762
P23_EXP3,AE3F8937.wav,3.62788677
P23_EXP3,AE3F8A38.wav,2.78255963
P23_EXP3,AE3F8B39.wav,2.36104083
P23_EXP3,AE3F8C40.wav,2.36562204
P23_EXP3,AE3F8D41.wav,1.6269331
P23_EXP3,AE3F8E42.wav,2.14457154
P23_EXP3,AE3F8F43.wav,2.69546509
P23_EXP3,AE3F9044.wav,3.4376452
P23_EXP3,AE3F9145.wav,3.46943474
P23_EXP3,AE3F9246.wav,3.47794485
P23_EXP3,AE3F9347.wav,3.57853413
P23_EXP3,AE3F9448.wav,2.9411726
P23_EXP3,AE3F9549.wav,2.85764217
P23_EXP3,AE3F9650.wav,2.82559085
P23_EXP3,AE3F9701.wav,3.55111337
P23_EXP3,AE3F9802.wav,3.25513482
P23_EXP3,AE3F9903.wav,3.08386397
P23_EXP3,AE3F9A04.wav,3.61165619
P23_EXP3,AE3F9B05.wav,2.77206683
P23_EXP3,AE3F9C06.wav,2.19021416
P23_EXP3,AE3F9D07.wav,2.21767139
P23_EXP3,AE3F9E08.wav,2.02243876
P23_EXP3,AE3F9F09.wav,2.13490701
P23_EXP3,AE3FA010.wav,2.29312086
P23_EXP3,AE3FA111.wav,2.3190546
P23_EXP3,AE3FA212.wav,1.41507292
P23_EXP3,AE3FA313.wav,1.96576047
P23_EXP3,AE3FA414.wav,2.6317637
P23_EXP3,AE3FA515.wav,1.50099373
P23_EXP3,AE3FA616.wav,2.00608587
P23_EXP3,AE3FA717.wav,1.48317957
P23_EXP3,AE3FA818.wav,2.00482202
P23_EXP3,AE3FA919.wav,2.21073198
P23_EXP3,AE3FAA20.wav,1.93759727
P23_EXP3,AE3FAB21.wav,3.18267012
P23_EXP3,AE3FAC22.wav,2.9238627
P23_EXP3,AE3FAD23.wav,3.21074963
P23_EXP3,AE3FAE24.wav,2.32173681
P23_EXP3,AE3FAF25.wav,3.11906314
P23_EXP3,AE3FB026.wav,2.05679679
P23_EXP3,AE3FB127.wav,1.69674993
P23_EXP3,AE3FB228.wav,1.1151011
P23_EXP3,AE3FB329.wav,2.66834259
P23_EXP3,AE3FB430.wav,2.87189436
P23_EXP3,AE3FB531.wav,2.3131516
P23_EXP3,AE3FB632.wav,1.6597569
P23_EXP3,AE3FB733.wav,3.536623
P23_EXP3,AE3FB834.wav,2.75323987
P23_EXP3,AE3FB935.wav,2.81213903
P23_EXP3,AE3FBA36.wav,2.44998717
P23_EXP3,AE3FBB37.wav,3.34184742
P23_EXP3,AE3FBC38.wav,2.80595922
P23_EXP3,AE3FBD39.wav,2.50217009
P23_EXP3,AE3FBE40.wav,2.58596444
P23_EXP3,AE3FBF41.wav,1.87207198
P23_EXP3,AE3FC042.wav,2.6729753
P23_EXP3,AE3FC143.wav,3.0355413
P23_EXP3,AE3FC244.wav,3.68101168
P23_EXP3,AE3FC345.wav,3.8357451
P23_EXP3,AE3FC446.wav,3.88032126
P23_EXP3,AE3FC547.wav,4.03240252
P23_EXP3,AE3FC648.wav,2.87477827
P23_EXP3,AE3FC749.wav,2.45830631
P23_EXP3,AE3FC850.wav,2.97430539
P23_EXP3,AE3M0101.wav,2.84063482
P23_EXP3,AE3M0202.wav,2.99485111
P23_EXP3,AE3M0303.wav,3.01375532
P23_EXP3,AE3M0404.wav,3.06283545
P23_EXP3,AE3M0505.wav,3.13813901
P23_EXP3,AE3M0606.wav,2.0118773
P23_EXP3,AE3M0707.wav,2.25167966
P23_EXP3,AE3M0808.wav,2.36907244
P23_EXP3,AE3M0909.wav,2.43753958
P23_EXP3,AE3M0A10.wav,2.30209017
P23_EXP3,AE3M0B11.wav,2.22513223
P23_EXP3,AE3M0C12.wav,2.16723943
P23_EXP3,AE3M0D13.wav,2.06428552
P23_EXP3,AE3M0E14.wav,2.28972626
P23_EXP3,AE3M0F15.wav,2.57650375
P23_EXP3,AE3M1016.wav,2.04133654
P23_EXP3,AE3M1117.wav,2.61367273
P23_EXP3,AE3M1218.wav,2.40737009
P23_EXP3,AE3M1319.wav,2.29088926
P23_EXP3,AE3M1420.wav,2.40184689
P23_EXP3,AE3M1521.wav,3.11714482
P23_EXP3,AE3M1622.wav,2.19040084
P23_EXP3,AE3M1723.wav,2.29251146
P23_EXP3,AE3M1824.wav,2.05192161
P23_EXP3,AE3M1925.wav,3.32166862
P23_EXP3,AE3M1A26.wav,2.40579939
P23_EXP3,AE3M1B27.wav,1.73956442
P23_EXP3,AE3M1C28.wav,1.58227539
P23_EXP3,AE3M1D29.wav,3.15337396
P23_EXP3,AE3M1E30.wav,2.42863464
P23_EXP3,AE3M1F31.wav,2.39172101
P23_EXP3,AE3M2032.wav,1.8362999
P23_EXP3,AE3M2133.wav,3.01497197
P23_EXP3,AE3M2234.wav,2.23437834
P23_EXP3,AE3M2335.wav,2.25349927
P23_EXP3,AE3M2436.wav,2.76844907
P23_EXP3,AE3M2537.wav,3.32463408
P23_EXP3,AE3M2638.wav,2.59898281
P23_EXP3,AE3M2739.wav,2.36362219
P23_EXP3,AE3M2840.wav,2.06578326
P23_EXP3,AE3M2941.wav,1.71741581
P23_EXP3,AE3M2A42.wav,2.23404574
P23_EXP3,AE3M2B43.wav,3.09323239
P23_EXP3,AE3M2C44.wav,3.3663435
P23_EXP3,AE3M2D45.wav,3.72911549
P23_EXP3,AE3M2E46.wav,3.36468267
P23_EXP3,AE3M2F47.wav,3.16406846
P23_EXP3,AE3M3048.wav,2.74534988
P23_EXP3,AE3M3149.wav,2.51754236
P23_EXP3,AE3M3250.wav,2.68895912
P23_EXP3,AE3M3301.wav,3.15166807
P23_EXP3,AE3M3402.wav,3.24794865
P23_EXP3,AE3M3503.wav,2.88312316
P23_EXP3,AE3M3604.wav,2.73401809
P23_EXP3,AE3M3705.wav,2.33703184
P23_EXP3,AE3M3806.wav,2.05038738
P23_EXP3,AE3M3907.wav,2.25282764
P23_EXP3,AE3M3A08.wav,1.6551435
P23_EXP3,AE3M3B09.wav,2.14050961
P23_EXP3,AE3M3C10.wav,1.63942146
P23_EXP3,AE3M3D11.wav,2.26134634
P23_EXP3,AE3M3E12.wav,2.4059968
P23_EXP3,AE3M3F13.wav,1.7783277
P23_EXP3,AE3M4014.wav,1.90349674
P23_EXP3,AE3M4115.wav,1.49059749
P23_EXP3,AE3M4216.wav,2.46119237
P23_EXP3,AE3M4317.wav,2.16122484
P23_EXP3,AE3M4418.wav,2.12724662
P23_EXP3,AE3M4519.wav,2.5191431
P23_EXP3,AE3M4620.wav,2.36255574
P23_EXP3,AE3M4721.wav,2.69856572
P23_EXP3,AE3M4822.wav,1.84265566
P23_EXP3,AE3M4923.wav,2.56136537
P23_EXP3,AE3M4A24.wav,2.2310524
P23_EXP3,AE3M4B25.wav,2.14565516
P23_EXP3,AE3M4C26.wav,2.71806216
P23_EXP3,AE3M4D27.wav,2.08579683
P23_EXP3,AE3M4E28.wav,1.39600348
P23_EXP3,AE3M4F29.wav,3.11870909
P23_EXP3,AE3M5030.wav,2.13297796
P23_EXP3,AE3M5131.wav,2.11050534
P23_EXP3,AE3M5232.wav,1.54931211
P23_EXP3,AE3M5333.wav,2.99188352
P23_EXP3,AE3M5434.wav,2.49725199
P23_EXP3,AE3M5535.wav,2.17402005
P23_EXP3,AE3M5636.wav,1.84629917
P23_EXP3,AE3M5737.wav,3.51015925
P23_EXP3,AE3M5838.wav,2.23492336
P23_EXP3,AE3M5939.wav,2.28588319
P23_EXP3,AE3M5A40.wav,2.54926109
P23_EXP3,AE3M5B41.wav,2.21217179
P23_EXP3,AE3M5C42.wav,2.43241978
P23_EXP3,AE3M5D43.wav,3.07726359
P23_EXP3,AE3M5E44.wav,2.4464016
P23_EXP3,AE3M5F45.wav,2.96558499
P23_EXP3,AE3M6046.wav,3.24881124
P23_EXP3,AE3M6147.wav,3.57670379
P23_EXP3,AE3M6248.wav,2.37868118
P23_EXP3,AE3M6349.wav,2.21848464
P23_EXP3,AE3M6450.wav,2.33881927
P23_EXP3,OE3F9347.wav,1.94264627
P23_EXP3,OE3F9448.wav,1.6230557
P23_EXP3,OE3F9549.wav,2.04623103
P23_EXP3,OE3F9650.wav,1.80002141
P23_EXP3,OE3FC547.wav,2.19672441
P23_EXP3,OE3FC648.wav,2.29663348
P23_EXP3,OE3FC749.wav,2.31646466
P23_EXP3,OE3FC850.wav,2.22881866
P23_EXP3,OE3M2F47.wav,1.36018205
P23_EXP3,OE3M3048.wav,2.18393993
P23_EXP3,OE3M3149.wav,1.99369836
P23_EXP3,OE3M3250.wav,1.63923693
P23_EXP3,OE3M6147.wav,1.55155659
P23_EXP3,OE3M6248.wav,2.38585448
P23_EXP3,OE3M6349.wav,1.47120833
P23_EXP3,OE3M6450.wav,1.98154259
P23_EXP3,OE3F6501.wav,3.25776124
P23_EXP3,OE3F9701.wav,2.99324393
P23_EXP3,OE3M0101.wav,3.26623917
P23_EXP3,OE3M3301.wav,2.72789192
P23_EXP3,OE3F6602.wav,2.57966661
P23_EXP3,OE3F9802.wav,3.25461984
P23_EXP3,OE3M0202.wav,3.14103365
P23_EXP3,OE3M3402.wav,2.65441656
P23_EXP3,OE3F6703.wav,3.13134336
P23_EXP3,OE3F9903.wav,1.94346595
P23_EXP3,OE3M0303.wav,2.79350948
P23_EXP3,OE3M3503.wav,2.99883151
P23_EXP3,OE3F6804.wav,3.16684079
P23_EXP3,OE3F9A04.wav,3.27562475
P23_EXP3,OE3M0404.wav,2.48962593
P23_EXP3,OE3M3604.wav,2.89968419
P23_EXP3,OE3F6905.wav,2.46902657
P23_EXP3,OE3F9B05.wav,2.3072443
P23_EXP3,OE3M0505.wav,2.50909019
P23_EXP3,OE3M3705.wav,2.64976668
P23_EXP3,OE3F6A06.wav,1.94280934
P23_EXP3,OE3F9C06.wav,2.27642465
P23_EXP3,OE3M0606.wav,2.57356834
P23_EXP3,OE3M3806.wav,2.10496283
P23_EXP3,OE3F6B07.wav,2.08332491
P23_EXP3,OE3F9D07.wav,2.03939033
P23_EXP3,OE3M0707.wav,2.38393617
P23_EXP3,OE3M3907.wav,1.89304256
P23_EXP3,OE3F6C08.wav,2.02482915
P23_EXP3,OE3F9E08.wav,2.04768801
P23_EXP3,OE3M0808.wav,2.05064917
P23_EXP3,OE3M3A08.wav,1.77620769
P23_EXP3,OE3F6D09.wav,1.49149442
P23_EXP3,OE3F9F09.wav,1.90310192
P23_EXP3,OE3M0909.wav,2.17826438
P23_EXP3,OE3M3B09.wav,1.86358547
P23_EXP3,OE3F6E10.wav,1.30275273
P23_EXP3,OE3FA010.wav,1.61818695
P23_EXP3,OE3M0A10.wav,2.23269176
P23_EXP3,OE3M3C10.wav,1.87588072
P23_EXP3,OE3F6F11.wav,1.90538073
P23_EXP3,OE3FA111.wav,1.6330142
P23_EXP3,OE3M0B11.wav,1.82827473
P23_EXP3,OE3M3D11.wav,1.84169221
P23_EXP3,OE3F7012.wav,1.85728765
P23_EXP3,OE3FA212.wav,1.74103642
P23_EXP3,OE3M0C12.wav,2.06460309
P23_EXP3,OE3M3E12.wav,1.7097404
P23_EXP3,OE3F7113.wav,1.21658301
P23_EXP3,OE3FA313.wav,1.6224699
P23_EXP3,OE3M0D13.wav,1.81212783
P23_EXP3,OE3M3F13.wav,1.83172083
P23_EXP3,OE3F7214.wav,1.95513034
P23_EXP3,OE3FA414.wav,1.53909826
P23_EXP3,OE3M0E14.wav,2.10156178
P23_EXP3,OE3M4014.wav,2.09028149
P23_EXP3,OE3F7315.wav,1.95747352
P23_EXP3,OE3FA515.wav,1.87795568
P23_EXP3,OE3M0F15.wav,1.93432927
P23_EXP3,OE3M4115.wav,1.67886496
P23_EXP3,OE3F7416.wav,2.25528884
P23_EXP3,OE3FA616.wav,1.4909451
P23_EXP3,OE3M1016.wav,2.07191586
P23_EXP3,OE3M4216.wav,2.08391285
P23_EXP3,OE3F7517.wav,1.71438813
P23_EXP3,OE3FA717.wav,1.83068442
P23_EXP3,OE3M1117.wav,2.64994264
P23_EXP3,OE3M4317.wav,2.29111671
P23_EXP3,OE3F7618.wav,1.58198571
P23_EXP3,OE3FA818.wav,1.76098132
P23_EXP3,OE3M1218.wav,2.23780298
P23_EXP3,OE3M4418.wav,1.79455829
P23_EXP3,OE3F7719.wav,1.8132565
P23_EXP3,OE3FA919.wav,1.498245
P23_EXP3,OE3M1319.wav,2.06967568
P23_EXP3,OE3M4519.wav,2.04266047
P23_EXP3,OE3F7820.wav,1.69525218
P23_EXP3,OE3FAA20.wav,2.29001379
P23_EXP3,OE3M1420.wav,1.85073233
P23_EXP3,OE3M4620.wav,1.9461267
P23_EXP3,OE3F7921.wav,2.39278531
P23_EXP3,OE3FAB21.wav,2.818012
P23_EXP3,OE3M1521.wav,2.05953264
P23_EXP3,OE3M4721.wav,2.78781462
P23_EXP3,OE3F7A22.wav,2.07591772
P23_EXP3,OE3FAC22.wav,1.76691651
P23_EXP3,OE3M1622.wav,1.97193813
P23_EXP3,OE3M4822.wav,2.4241457
P23_EXP3,OE3F7B23.wav,2.4579072
P23_EXP3,OE3FAD23.wav,1.91803002
P23_EXP3,OE3M1723.wav,2.18701267
P23_EXP3,OE3M4923.wav,2.1449964
P23_EXP3,OE3F7C24.wav,2.21456432
P23_EXP3,OE3FAE24.wav,1.97426629
P23_EXP3,OE3M1824.wav,2.05330348
P23_EXP3,OE3M4A24.wav,1.98534918
P23_EXP3,OE3F7D25.wav,2.3495717
P23_EXP3,OE3FAF25.wav,2.33677649
P23_EXP3,OE3M1925.wav,1.98354673
P23_EXP3,OE3M4B25.wav,2.11134434
P23_EXP3,OE3F7E26.wav,2.08346868
P23_EXP3,OE3FB026.wav,1.91380501
P23_EXP3,OE3M1A26.wav,1.91458178
P23_EXP3,OE3M4C26.wav,1.88837767
P23_EXP3,OE3F7F27.wav,1.54942155
P23_EXP3,OE3FB127.wav,1.67490387
P23_EXP3,OE3M1B27.wav,1.5986197
P23_EXP3,OE3M4D27.wav,1.5273695
P23_EXP3,OE3F8028.wav,1.48786592
P23_EXP3,OE3FB228.wav,1.26248312
P23_EXP3,OE3M1C28.wav,1.73084188
P23_EXP3,OE3M4E28.wav,1.56701255
P23_EXP3,OE3F8129.wav,2.96719003
P23_EXP3,OE3FB329.wav,3.10908532
P23_EXP3,OE3M1D29.wav,3.19219732
P23_EXP3,OE3M4F29.wav,2.6883626
P23_EXP3,OE3F8230.wav,2.01350164
P23_EXP3,OE3FB430.wav,2.1816268
P23_EXP3,OE3M1E30.wav,2.30715203
P23_EXP3,OE3M5030.wav,2.09235001
P23_EXP3,OE3F8331.wav,1.93808007
P23_EXP3,OE3FB531.wav,2.15829372
P23_EXP3,OE3M1F31.wav,2.05353308
P23_EXP3,OE3M5131.wav,2.02201819
P23_EXP3,OE3F8432.wav,2.12127924
P23_EXP3,OE3FB632.wav,1.40828371
P23_EXP3,OE3M2032.wav,1.42352509
P23_EXP3,OE3M5232.wav,1.62357497
P23_EXP3,OE3F8533.wav,2.82886314
P23_EXP3,OE3FB733.wav,2.67526269
P23_EXP3,OE3M2133.wav,2.72773099
P23_EXP3,OE3M5333.wav,2.77690768
P23_EXP3,OE3F8634.wav,2.3553288
P23_EXP3,OE3FB834.wav,2.22764707
P23_EXP3,OE3M2234.wav,2.11882448
P23_EXP3,OE3M5434.wav,2.74365902
P23_EXP3,OE3F8735.wav,2.41362715
P23_EXP3,OE3FB935.wav,2.32221961
P23_EXP3,OE3M2335.wav,1.75655675
P23_EXP3,OE3M5535.wav,2.51352978
P23_EXP3,OE3F8836.wav,2.09344435
P23_EXP3,OE3FBA36.wav,2.01387072
P23_EXP3,OE3M2436.wav,1.46647692
P23_EXP3,OE3M5636.wav,2.0896678
P23_EXP3,OE3F8937.wav,3.24448538
P23_EXP3,OE3FBB37.wav,2.60671401
P23_EXP3,OE3M2537.wav,3.34851003
P23_EXP3,OE3M5737.wav,2.98545694
P23_EXP3,OE3F8A38.wav,2.54904008
P23_EXP3,OE3FBC38.wav,2.11009121
P23_EXP3,OE3M2638.wav,2.32348561
P23_EXP3,OE3M5838.wav,2.19799042
P23_EXP3,OE3F8B39.wav,2.08588696
P23_EXP3,OE3FBD39.wav,2.29379463
P23_EXP3,OE3M2739.wav,2.08362746
P23_EXP3,OE3M5939.wav,2.08320689
P23_EXP3,OE3F8C40.wav,2.15066338
P23_EXP3,OE3FBE40.wav,1.94966507
P23_EXP3,OE3M2840.wav,2.08314896
P23_EXP3,OE3M5A40.wav,2.19125915
P23_EXP3,OE3F8D41.wav,2.28055525
P23_EXP3,OE3FBF41.wav,2.25299072
P23_EXP3,OE3M2941.wav,2.14042807
P23_EXP3,OE3M5B41.wav,2.01426768
P23_EXP3,OE3F8E42.wav,2.7958591
P23_EXP3,OE3FC042.wav,2.98999524
P23_EXP3,OE3M2A42.wav,2.41360354
P23_EXP3,OE3M5C42.wav,2.79891896
P23_EXP3,OE3F8F43.wav,3.28104281
P23_EXP3,OE3FC143.wav,2.96493697
P23_EXP3,OE3M2B43.wav,3.01066113
P23_EXP3,OE3M5D43.wav,2.67863798
P23_EXP3,OE3F9044.wav,3.3530376
P23_EXP3,OE3FC244.wav,3.15970612
P23_EXP3,OE3M2C44.wav,3.46343732
P23_EXP3,OE3M5E44.wav,3.12527084
P23_EXP3,OE3F9145.wav,3.46607876
P23_EXP3,OE3FC345.wav,3.27007365
P23_EXP3,OE3M2D45.wav,3.01491833
P23_EXP3,OE3M5F45.wav,3.34009004
P23_EXP3,OE3F9246.wav,3.42291021
P23_EXP3,OE3FC446.wav,3.825984
P23_EXP3,OE3M2E46.wav,3.24560118
P23_EXP3,OE3M6046.wav,3.36575341
P23_EXP3,OE3F9347.wav,3.56713796
P23_EXP3,OE3FC547.wav,3.3629446
P23_EXP3,OE3M2F47.wav,3.37860227
P23_EXP3,OE3M6147.wav,3.11402488
P23_EXP3,OE3F9448.wav,2.00587344
P23_EXP3,OE3FC648.wav,2.75215626
P23_EXP3,OE3M3048.wav,2.37133622
P23_EXP3,OE3M6248.wav,2.37384892
P23_EXP3,OE3F9549.wav,2.04705071
P23_EXP3,OE3FC749.wav,2.60131526
P23_EXP3,OE3M3149.wav,2.18828511
P23_EXP3,OE3M6349.wav,2.42956376
P23_EXP3,OE3F9650.wav,2.25506783
P23_EXP3,OE3FC850.wav,2.43323302
P23_EXP3,OE3M3250.wav,2.15975928
P23_EXP3,OE3M6450.wav,2.55259347
